genres,runtime,certificate,title,rate,year,votes,imgurl,desc
"Action, Crime, Fantasy",117,TV-MA,Bright,6.6,I) (,67325,"https://images-na.ssl-images-amazon.com/images/M/MV5BMTcyNzk5NDg1Nl5BMl5BanBnXkFtZTgwNTM5MDQxNDM@._V1_UX67_CR0,0,67,98_AL_.jpg",Set in a world where mystical creatures live side by side with humans. A human cop is forced to work with an Orc to find a weapon everyone is prepared to kill for.
"Action, Adventure, Fantasy",152,PG-13,Star Wars: The Last Jedi,7.6,2017,249010,"https://images-na.ssl-images-amazon.com/images/M/MV5BMjQ1MzcxNjg4N15BMl5BanBnXkFtZTgwNzgwMjY4MzI@._V1_UX67_CR0,0,67,98_AL_.jpg","Rey develops her newly discovered abilities with the guidance of Luke Skywalker, who is unsettled by the strength of her powers. Meanwhile, the Resistance prepares for battle with the First Order."
"Action, Adventure, Comedy",119,PG-13,Jumanji: Welcome to the Jungle,7.2,2017,26043,"https://images-na.ssl-images-amazon.com/images/M/MV5BMTkyNDQ1MDc5OV5BMl5BanBnXkFtZTgwOTcyNzI2MzI@._V1_UX67_CR0,0,67,98_AL_.jpg","Four teenagers discover an old video game console and are literally drawn into the game's jungle setting, becoming the adult avatars they choose."
"Biography, Drama, Musical",105,PG,The Greatest Showman,8,2017,18534,"https://images-na.ssl-images-amazon.com/images/M/MV5BYjQ0ZWJkYjMtYjJmYS00MjJiLTg3NTYtMmIzN2E2Y2YwZmUyXkEyXkFqcGdeQXVyNjk5NDA3OTk@._V1_UX67_CR0,0,67,98_AL_.jpg","Inspired by the imagination of P.T. Barnum, The Greatest Showman is an original musical that celebrates the birth of show business and tells of a visionary who rose from nothing to create a spectacle that became a worldwide sensation."
"Drama, Sci-Fi, Thriller",60,TV-MA,Black Mirror,8.9,2011,177515,"https://images-na.ssl-images-amazon.com/images/M/MV5BNTEwYzNiMGUtNzRlYS00MTMzLTliNzgtOGUxZGZiNThlNWYwXkEyXkFqcGdeQXVyMjYwNDA2MDE@._V1_UX67_CR0,0,67,98_AL_.jpg","An anthology series exploring a twisted, high-tech world where humanity's greatest innovations and darkest instincts collide."
"Action, Drama, History",44,TV-14,Vikings,8.6,2013,271768,"https://images-na.ssl-images-amazon.com/images/M/MV5BNDYyNzk1NzYwOF5BMl5BanBnXkFtZTgwMTQ0Nzc4MzI@._V1_UY98_CR2,0,67,98_AL_.jpg","The world of the Vikings is brought to life through the journey of Ragnar Lothbrok, the first Viking to emerge from Norse legend and onto the pages of history - a man on the edge of myth."
"Action, Adventure, Drama",57,TV-MA,Game of Thrones,9.5,2011,1273619,"https://images-na.ssl-images-amazon.com/images/M/MV5BMjE3NTQ1NDg1Ml5BMl5BanBnXkFtZTgwNzY2NDA0MjI@._V1_UX67_CR0,0,67,98_AL_.jpg","Nine noble families fight for control over the mythical lands of Westeros, while a forgotten race returns after being dormant for thousands of years."
"Action, Adventure, Fantasy",120,PG-13,Justice League,7,2017,160176,"https://images-na.ssl-images-amazon.com/images/M/MV5BYWVhZjZkYTItOGIwYS00NmRkLWJlYjctMWM0ZjFmMDU4ZjEzXkEyXkFqcGdeQXVyMTMxODk2OTU@._V1_UX67_CR0,0,67,98_AL_.jpg","Fueled by his restored faith in humanity and inspired by Superman's selfless act, Bruce Wayne enlists the help of his newfound ally, Diana Prince, to face an even greater enemy."
"Drama, Fantasy, Horror",51,TV-14,Stranger Things,9,2016,428788,"https://images-na.ssl-images-amazon.com/images/M/MV5BMjUwMDgzOTg3Nl5BMl5BanBnXkFtZTgwNTI4MDk5MzI@._V1_UX67_CR0,0,67,98_AL_.jpg","When a young boy disappears, his mother, a police chief, and his friends must confront terrifying forces in order to get him back."
"Crime, Drama",60,TV-MA,Peaky Blinders,8.8,2013,107941,"https://images-na.ssl-images-amazon.com/images/M/MV5BMTQxODYzNTQzOV5BMl5BanBnXkFtZTgwMTI2MDYwMDE@._V1_UY98_CR0,0,67,98_AL_.jpg","A gangster family epic set in 1919 Birmingham, England and centered on a gang who sew razor blades in the peaks of their caps, and their fierce boss Tommy Shelby, who means to move up in the world."
"Drama, Mystery, Sci-Fi",164,R,Blade Runner 2049,8.4,2017,179881,"https://images-na.ssl-images-amazon.com/images/M/MV5BNzA1Njg4NzYxOV5BMl5BanBnXkFtZTgwODk5NjU3MzI@._V1_UX67_CR0,0,67,98_AL_.jpg","A young blade runner's discovery of a long-buried secret leads him to track down former blade runner Rick Deckard, who's been missing for thirty years."
"Adventure, Drama, Fantasy",123,R,The Shape of Water,8.2,2017,10921,"https://images-na.ssl-images-amazon.com/images/M/MV5BODU5NTAzOTI3OV5BMl5BanBnXkFtZTgwOTc0MjQ1MzI@._V1_UX67_CR0,0,67,98_AL_.jpg","In a 1960s research facility, Elisa, a mute janitor, forms a relationship with a mysterious aquatic creature."
"Comedy, Drama",46,TV-MA,Shameless,8.7,2011,139830,"https://images-na.ssl-images-amazon.com/images/M/MV5BZjQ3ZjFkZmQtYjMwZS00ZWFkLTgyNGMtYTE1OTI5ZTAwNWI3XkEyXkFqcGdeQXVyNjc3OTUzNzM@._V1_UX67_CR0,0,67,98_AL_.jpg",An alcoholic man lives in a perpetual stupor while his six children with whom he lives with cope as best they can.
"Comedy, Music",93,PG-13,Pitch Perfect 3,6.2,2017,5292,"https://images-na.ssl-images-amazon.com/images/M/MV5BNjEyMjk4NTE1NV5BMl5BanBnXkFtZTgwOTgzNzA3MjI@._V1_UX67_CR0,0,67,98_AL_.jpg","Following their win at the world championship, the now separated Bellas reunite for one last singing competition at an overseas USO tour, but face a group who uses both instruments and voices."
"Action, Drama, History",106,PG-13,Dunkirk,8.1,2017,297218,"https://images-na.ssl-images-amazon.com/images/M/MV5BN2YyZjQ0NTEtNzU5MS00NGZkLTg0MTEtYzJmMWY3MWRhZjM2XkEyXkFqcGdeQXVyMDA4NzMyOA@@._V1_UX67_CR0,0,67,98_AL_.jpg","Allied soldiers from Belgium, the British Empire and France are surrounded by the German Army, and evacuated during a fierce battle in World War II."
"Drama, History",58,TV-MA,The Crown,8.7,2016,50164,"https://images-na.ssl-images-amazon.com/images/M/MV5BMjAxOTA2Mjc3MF5BMl5BanBnXkFtZTgwMTMxMzIxNDM@._V1_UX67_CR0,0,67,98_AL_.jpg",Follows the political rivalries and romance of Queen Elizabeth II's reign and the events that shaped the second half of the 20th century.
"Drama, Horror, Thriller",135,R,It,7.6,I) (,211736,"https://images-na.ssl-images-amazon.com/images/M/MV5BZDVkZmI0YzAtNzdjYi00ZjhhLWE1ODEtMWMzMWMzNDA0NmQ4XkEyXkFqcGdeQXVyNzYzODM3Mzg@._V1_UX67_CR0,0,67,98_AL_.jpg","A group of bullied kids band together when a shapeshifting monster, taking the appearance of a clown, begins hunting children."
"Animation, Adventure, Comedy",105,PG,Coco,8.8,I) (,47578,"https://images-na.ssl-images-amazon.com/images/M/MV5BYjQ5NjM0Y2YtNjZkNC00ZDhkLWJjMWItN2QyNzFkMDE3ZjAxXkEyXkFqcGdeQXVyODIxMzk5NjA@._V1_UY98_CR1,0,67,98_AL_.jpg","Aspiring musician Miguel, confronted with his family's ancestral ban on music, enters the Land of the Dead to find his great-great-grandfather, a legendary singer."
"Adventure, Drama, Family",45,TV-PG,Doctor Who,8.7,2005,167396,"https://images-na.ssl-images-amazon.com/images/M/MV5BZGM0OTc0YzMtMTdjNS00MGU3LThlZWItYmU4MjliZmQ0OTkzXkEyXkFqcGdeQXVyMjc5OTMxMzQ@._V1_UY98_CR3,0,67,98_AL_.jpg","The further adventures in time and space of the alien adventurer known as the Doctor, a Time Lord/Lady who can change appearance and gender, and his/her companions."
"Action, Adventure, Comedy",130,PG-13,Thor: Ragnarok,8.1,2017,178754,"https://images-na.ssl-images-amazon.com/images/M/MV5BMjMyNDkzMzI1OF5BMl5BanBnXkFtZTgwODcxODg5MjI@._V1_UX67_CR0,0,67,98_AL_.jpg","Imprisoned, the mighty Thor finds himself in a lethal gladiatorial contest against the Hulk, his former ally. Thor must fight for survival and race against time to prevent the all-powerful Hela from destroying his home and the Asgardian civilization."
"Crime, Drama, Mystery",60,TV-MA,Dark,8.8,2017,28320,"https://images-na.ssl-images-amazon.com/images/M/MV5BMTUzNjQ2MTY5NV5BMl5BanBnXkFtZTgwOTAzNTQxNDM@._V1_UX67_CR0,0,67,98_AL_.jpg","A family saga with a supernatural twist, set in a German town, where the disappearance of two young children exposes the relationships among four families."
"Comedy, Drama, Sci-Fi",135,R,Downsizing,5.9,2017,5486,"https://images-na.ssl-images-amazon.com/images/M/MV5BNDYxNDQ5OTYxOV5BMl5BanBnXkFtZTgwOTcyODkxNDM@._V1_UX67_CR0,0,67,98_AL_.jpg","A social satire in which a man realizes he would have a better life if he were to shrink himself to five inches tall, allowing him to live in wealth and splendor."
"Drama, Horror, Thriller",44,TV-MA,The Walking Dead,8.5,2010,724044,"https://images-na.ssl-images-amazon.com/images/M/MV5BMzNkMWNmZGUtNWFlZi00MTYwLWIwMjQtOGViN2QzNmI2MWYwXkEyXkFqcGdeQXVyODA1MDc5NjM@._V1_UX67_CR0,0,67,98_AL_.jpg","Sheriff Deputy Rick Grimes wakes up from a coma to learn the world is in ruins, and must lead a group of survivors to stay alive."
"Action, Adventure, Crime",53,TV-MA,The Punisher,8.9,2017,68982,"https://images-na.ssl-images-amazon.com/images/M/MV5BMTc5MjAzNjYwM15BMl5BanBnXkFtZTgwMTI5NzE1MzI@._V1_UX67_CR0,0,67,98_AL_.jpg","After the murder of his family, Marine veteran Frank Castle became a vigilante known as ""The Punisher"" with only one goal in mind, to avenge them."
"Biography, Drama",140,R,Molly's Game,7.6,2017,3601,"https://images-na.ssl-images-amazon.com/images/M/MV5BMzM3NzcxMzQyNl5BMl5BanBnXkFtZTgwNzUyNzcxNDM@._V1_UX67_CR0,0,67,98_AL_.jpg","The true story of Molly Bloom, an Olympic-class skier who ran the world's most exclusive high-stakes poker game and became an FBI target."
"Action, Adventure, Comedy",141,R,Kingsman: The Golden Circle,7,2017,125261,"https://images-na.ssl-images-amazon.com/images/M/MV5BMjQ3OTgzMzY4NF5BMl5BanBnXkFtZTgwOTc4OTQyMzI@._V1_UX67_CR0,0,67,98_AL_.jpg","When their headquarters are destroyed and the world is held hostage, the Kingsman's journey leads them to the discovery of an allied spy organization in the US. These two elite secret organizations must band together to defeat a common enemy."
"Biography, Crime, Drama",132,R,All the Money in the World,7.2,2017,2945,"https://images-na.ssl-images-amazon.com/images/M/MV5BNjY3Mjg0OTc1OF5BMl5BanBnXkFtZTgwNDU0MzAyNDM@._V1_UX67_CR0,0,67,98_AL_.jpg",The story of the kidnapping of 16-year-old
"Drama, Romance",132,R,Call Me by Your Name,8.4,2017,15896,"https://images-na.ssl-images-amazon.com/images/M/MV5BNDk3NTEwNjc0MV5BMl5BanBnXkFtZTgwNzYxNTMwMzI@._V1_UX67_CR0,0,67,98_AL_.jpg","In Northern Italy in 1983, seventeen year-old Elio begins a relationship with visiting Oliver, his father's research assistant, with whom he bonds over his emerging sexuality, their Jewish heritage, and the beguiling Italian landscape."
"Comedy, Drama",94,R,Lady Bird,8.2,2017,18241,"https://images-na.ssl-images-amazon.com/images/M/MV5BMjg1NDY0NDYzMV5BMl5BanBnXkFtZTgwNzIwMTEwNDI@._V1_UX67_CR0,0,67,98_AL_.jpg","In the early 2000s, an artistically-inclined seventeen year-old comes of age in Sacramento, California."
"Biography, Drama, History",125,PG-13,Darkest Hour,7,2017,5783,"https://images-na.ssl-images-amazon.com/images/M/MV5BMTgwNzE3NDcwNF5BMl5BanBnXkFtZTgwMjI2MzI0NDM@._V1_UY98_CR0,0,67,98_AL_.jpg","During the early days of World War II, the fate of Western Europe hangs on the newly-appointed British Prime Minister Winston Churchill, who must decide whether to negotiate with Hitler, or fight on against incredible odds."
"Drama, Family",113,PG,Wonder,8.1,I) (,18127,"https://images-na.ssl-images-amazon.com/images/M/MV5BYjFhOWY0OTgtNDkzMC00YWJkLTk1NGEtYWUxNjhmMmQ5ZjYyXkEyXkFqcGdeQXVyMjMxOTE0ODA@._V1_UX67_CR0,0,67,98_AL_.jpg","Based on the New York Times bestseller, WONDER tells the incredibly inspiring and heartwarming story of August Pullman, a boy with facial differences who enters fifth grade, attending a mainstream elementary school for the first time."
"Animation, Adventure, Comedy",108,PG,Ferdinand,6.8,2017,3840,"https://images-na.ssl-images-amazon.com/images/M/MV5BOTIwMDI0NjQ4OF5BMl5BanBnXkFtZTgwNjU0MzAyNDM@._V1_UX67_CR0,0,67,98_AL_.jpg","After Ferdinand, a bull with a big heart, is mistaken for a dangerous beast, he is captured and torn from his home. Determined to return to his family, he rallies a misfit team on the ultimate adventure."
"Action, Adventure, Drama",45,TV-PG,Agents of S.H.I.E.L.D.,7.5,2013,163973,"https://images-na.ssl-images-amazon.com/images/M/MV5BMTc5NzEzMzA2MF5BMl5BanBnXkFtZTgwNDkyNzgyNDM@._V1_UX67_CR0,0,67,98_AL_.jpg","The missions of the Strategic Homeland Intervention, Enforcement and Logistics Division."
"Biography, Comedy, Drama",104,R,The Disaster Artist,8,2017,20065,"https://images-na.ssl-images-amazon.com/images/M/MV5BOGNkMzliMGMtMDI5Ni00OTZkLTgyMTYtNzk5ZTY1NjVhYjVmXkEyXkFqcGdeQXVyNTAzMTY4MDA@._V1_UX67_CR0,0,67,98_AL_.jpg",When
"Drama, Horror, Mystery",121,R,Mother!,6.8,2017,76696,"https://images-na.ssl-images-amazon.com/images/M/MV5BMzc5ODExODE0MV5BMl5BanBnXkFtZTgwNDkzNDUxMzI@._V1_UX67_CR0,0,67,98_AL_.jpg","A couple's relationship is tested when uninvited guests arrive at their home, disrupting their tranquil existence."
"Action, Adventure, Sci-Fi",136,PG-13,Guardians of the Galaxy Vol. 2,7.8,2017,317181,"https://images-na.ssl-images-amazon.com/images/M/MV5BMTg2MzI1MTg3OF5BMl5BanBnXkFtZTgwNTU3NDA2MTI@._V1_UX67_CR0,0,67,98_AL_.jpg",The Guardians must fight to keep their newfound family together as they unravel the mystery of Peter Quill's true parentage.
"Action, Drama, Sci-Fi",60,TV-14,Runaways,7.5,2017,4434,"https://images-na.ssl-images-amazon.com/images/M/MV5BMTUxMDU4MDA1M15BMl5BanBnXkFtZTgwOTQ1ODY3MzI@._V1_UX67_CR0,0,67,98_AL_.jpg","After discovering their parents are super-villains in disguise, a group of teenagers band together to run away from their homes in order to atone for their parents' actions and to discover the secrets of their origins."
"Action, Adventure, Fantasy",136,PG-13,Star Wars: The Force Awakens,8,2015,716042,"https://images-na.ssl-images-amazon.com/images/M/MV5BOTAzODEzNDAzMl5BMl5BanBnXkFtZTgwMDU1MTgzNzE@._V1_UX67_CR0,0,67,98_AL_.jpg","Three decades after the Empire's defeat, a new threat arises in the militant First Order. Stormtrooper defector Finn and the scavenger Rey are caught up in the Resistance's search for the missing Luke Skywalker."
"Comedy, Crime, Drama",115,R,"Three Billboards Outside Ebbing, Missouri",8.4,2017,19174,"https://images-na.ssl-images-amazon.com/images/M/MV5BZTZjYzU2NTktNTdmNi00OTM0LTg5MDgtNGFjOGMzNjY0MDk5XkEyXkFqcGdeQXVyMTMxODk2OTU@._V1_UX67_CR0,0,67,98_AL_.jpg",A mother personally challenges the local authorities to solve her daughter's murder when they fail to catch the culprit.
"Action, Adventure, Drama",43,TV-PG,The Flash,8,2014,237608,"https://images-na.ssl-images-amazon.com/images/M/MV5BZTQzNmEwZTMtZGNkNC00YjQ5LThhYzMtZTBhNzUzODI5ZjRjXkEyXkFqcGdeQXVyMjM5NzU3OTM@._V1_UY98_CR5,0,67,98_AL_.jpg","After being struck by lightning, Barry Allen wakes up from his coma to discover he's been given the power of super speed, becoming the Flash, fighting crime in Central City."
"Crime, Drama, Mystery",45,TV-14,Riverdale,7.8,2017,43694,"https://images-na.ssl-images-amazon.com/images/M/MV5BZDNmNmI5MGItMjUyOC00ODg4LWE0NmEtMzg5MjUzOWI2MDcwXkEyXkFqcGdeQXVyNjYzNDE4ODA@._V1_UX67_CR0,0,67,98_AL_.jpg","A subversive take on Archie and his friends, exploring small town life, the darkness and weirdness bubbling beneath Riverdale's wholesome facade."
"Biography, Drama, Sport",119,R,"I, Tonya",7.7,2017,5776,"https://images-na.ssl-images-amazon.com/images/M/MV5BMjI5MDY1NjYzMl5BMl5BanBnXkFtZTgwNjIzNDAxNDM@._V1_UX67_CR0,0,67,98_AL_.jpg",Competitive ice skater
"Drama, Romance",41,TV-14,Grey's Anatomy,7.7,2005,184810,"https://images-na.ssl-images-amazon.com/images/M/MV5BYTc3Y2RjY2QtN2ViNC00NDdkLTg2YWMtYWNiZjQzNTg5ZjJlXkEyXkFqcGdeQXVyMzAzNTY3MDM@._V1_UX67_CR0,0,67,98_AL_.jpg",A drama centered on the personal and professional lives of five surgical interns and their supervisors.
Western,"
Western            ",,Godless,8.5,2017,17184,"https://images-na.ssl-images-amazon.com/images/M/MV5BMTY0NzkxNDcxNF5BMl5BanBnXkFtZTgwOTI5ODM5MzI@._V1_UX67_CR0,0,67,98_AL_.jpg","Frank Griffin, an outlaw terrorizing the 1880s American West, hunts down Roy Goode, his partner turned enemy. Roy hides out at a ranch as Frank's chase leads him to La Belle, New Mexico - a town mysteriously made up almost entirely of women."
"Action, Crime, Drama",113,R,The Foreigner,7.1,2017,29711,"https://images-na.ssl-images-amazon.com/images/M/MV5BM2RlMjcyMGQtZTU3OC00NGRlLWExMGEtYjU3ZjUyMDc0NWZmXkEyXkFqcGdeQXVyNTI4MzE4MDU@._V1_UX67_CR0,0,67,98_AL_.jpg","A humble businessman with a buried past seeks justice when his daughter is killed in an act of terrorism. A cat-and-mouse conflict ensues with a government official, whose past may hold clues to the killers' identities."
"Biography, Drama, History",115,PG-13,The Post,6.6,2017,990,"https://images-na.ssl-images-amazon.com/images/M/MV5BMjQyMjEwOTIwNV5BMl5BanBnXkFtZTgwOTkzNTMxNDM@._V1_UX67_CR0,0,67,98_AL_.jpg",A cover-up that spanned four U.S. Presidents pushed the country's first female newspaper publisher and a hard-driving editor to join an unprecedented battle between journalist and government.
"Animation, Adventure, Comedy",23,TV-14,Rick and Morty,9.3,2013,185594,"https://images-na.ssl-images-amazon.com/images/M/MV5BMjRiNDRhNGUtMzRkZi00MThlLTg0ZDMtNjc5YzFjYmFjMmM4XkEyXkFqcGdeQXVyNzQ1ODk3MTQ@._V1_UY98_CR0,0,67,98_AL_.jpg",An animated series that follows the exploits of a super scientist and his not-so-bright grandson.
"Drama, Fantasy, Horror",44,TV-14,Supernatural,8.5,2005,320053,"https://images-na.ssl-images-amazon.com/images/M/MV5BMTUyODg0NzM4OV5BMl5BanBnXkFtZTgwMDkyOTg1MzI@._V1_UY98_CR5,0,67,98_AL_.jpg","Two brothers follow their father's footsteps as ""hunters"", fighting evil supernatural beings of many kinds, including monsters, demons, and gods that roam the earth."
"Action, Adventure, Sci-Fi",133,PG-13,Rogue One: A Star Wars Story,7.8,2016,395483,"https://images-na.ssl-images-amazon.com/images/M/MV5BMjEwMzMxODIzOV5BMl5BanBnXkFtZTgwNzg3OTAzMDI@._V1_UX67_CR0,0,67,98_AL_.jpg",The daughter of an Imperial scientist joins the Rebel Alliance in a risky move to steal the Death Star plans.
"Comedy, Family",30,TV-G,Fuller House,7,2016,17901,"https://images-na.ssl-images-amazon.com/images/M/MV5BMjAxMzU5MzA0MF5BMl5BanBnXkFtZTgwODgyOTg1MzI@._V1_UX67_CR0,0,67,98_AL_.jpg",In a continuation of
Comedy,30,TV-MA,The Ranch,7.7,2016,18691,"https://images-na.ssl-images-amazon.com/images/M/MV5BMTYxOTU5ODE0OV5BMl5BanBnXkFtZTgwNzM0MzQ1MDI@._V1_UX67_CR0,0,67,98_AL_.jpg",The son of a Colorado rancher returns home from a semi-pro football career to run the family business.
"Action, Adventure, Crime",42,TV-14,Arrow,7.8,2012,347259,"https://images-na.ssl-images-amazon.com/images/M/MV5BMTUwOTgyNTQ1M15BMl5BanBnXkFtZTgwNDEyNzM3MzI@._V1_UY98_CR5,0,67,98_AL_.jpg","Spoiled billionaire playboy Oliver Queen is missing and presumed dead when his yacht is lost at sea. He returns five years later a changed man, determined to clean up the city as a hooded vigilante armed with a bow."
"Horror, Mystery, Thriller",104,R,Get Out,7.7,I) (,218674,"https://images-na.ssl-images-amazon.com/images/M/MV5BMjUxMDQwNjcyNl5BMl5BanBnXkFtZTgwNzcwMzc0MTI@._V1_UX67_CR0,0,67,98_AL_.jpg","It's time for a young African-American to meet with his white girlfriend's parents for a weekend in their secluded estate in the woods, but before long, the friendly and polite ambience will give way to a nightmare."
"Family, Fantasy, Musical",129,PG,Beauty and the Beast,7.3,2017,188360,"https://images-na.ssl-images-amazon.com/images/M/MV5BMTUwNjUxMTM4NV5BMl5BanBnXkFtZTgwODExMDQzMTI@._V1_UX67_CR0,0,67,98_AL_.jpg",An adaptation of the fairy tale about a monstrous-looking prince and a young woman who fall in love.
"Crime, Drama, Thriller",60,TV-MA,Mindhunter,8.7,2017,59736,"https://images-na.ssl-images-amazon.com/images/M/MV5BMzNkZmNmZjMtZWI5OC00MzdiLTgxMjAtZWY2ZTIwMWM2Yzc2XkEyXkFqcGdeQXVyMjM5NDQzNTk@._V1_UX67_CR0,0,67,98_AL_.jpg",In the late 1970s two FBI agents expand criminal science by delving into the psychology of murder and getting uneasily close to all-too-real monsters.
"Action, Adventure, Drama",112,PG-13,The Mountain Between Us,6.4,2017,20192,"https://images-na.ssl-images-amazon.com/images/M/MV5BNjllMWJmZTEtODA2Mi00MzY3LThiYmMtZDFjYjQ2NDM2MWJkXkEyXkFqcGdeQXVyMTMxODk2OTU@._V1_UX67_CR0,0,67,98_AL_.jpg","Stranded after a tragic plane crash, two strangers must forge a connection to survive the extreme elements of a remote snow-covered mountain. When they realize help is not coming, they embark on a perilous journey across the wilderness."
"Drama, Mystery, Sci-Fi",45,TV-MA,Travelers,8,II) ,17691,"https://images-na.ssl-images-amazon.com/images/M/MV5BYjhmOGM4MWItOTlkMy00NWZlLWE2MDctYzFlYTIyZmEzOTUxL2ltYWdlL2ltYWdlXkEyXkFqcGdeQXVyMjExMjk0ODk@._V1_UY98_CR1,0,67,98_AL_.jpg","Hundreds of years from now, surviving humans discover how to send consciousness back through time, into people of the 21st century, while attempting to save humanity from a terrible future."
"Crime, Drama, Mystery",114,PG-13,Murder on the Orient Express,6.8,2017,61329,"https://images-na.ssl-images-amazon.com/images/M/MV5BNGFmM2NmYjYtMjAwNy00ZDkzLWI3ZWMtOGZhOTRhYzQwMTA0XkEyXkFqcGdeQXVyNzU2MzMyNTI@._V1_UX67_CR0,0,67,98_AL_.jpg","When a murder occurs on the train he's travelling on, celebrated detective Hercule Poirot is recruited to solve the case."
"Comedy, Romance",22,TV-PG,Modern Family,8.5,2009,281500,"https://images-na.ssl-images-amazon.com/images/M/MV5BNzRjOTE1ZTEtMTkwYy00MDQ4LTkxMmYtNzgxMWFlY2YyZjU2XkEyXkFqcGdeQXVyMzAzNTY3MDM@._V1_UX67_CR0,0,67,98_AL_.jpg","Three different, but related families face trials and tribulations in their own uniquely comedic ways."
"Crime, Drama, Romance",130,R,Phantom Thread,8.8,2017,1336,"https://images-na.ssl-images-amazon.com/images/M/MV5BMWJkNzBkM2UtYWFlMC00NmEwLTgxOGUtMjVmMzYyZjgyMmEzXkEyXkFqcGdeQXVyMjM4NTM5NDY@._V1_UX67_CR0,0,67,98_AL_.jpg","Set in 1950's London, Reynolds Woodcock is a renowned dressmaker whose fastidious life is disrupted by a young, strong-willed woman, Alma, who becomes his muse and lover."
"Comedy, Romance",22,TV-14,The Big Bang Theory,8.3,2007,587726,"https://images-na.ssl-images-amazon.com/images/M/MV5BY2FmZTY5YTktOWRlYy00NmIyLWE0ZmQtZDg2YjlmMzczZDZiXkEyXkFqcGdeQXVyNjg4NzAyOTA@._V1_UX67_CR0,0,67,98_AL_.jpg",A woman who moves into an apartment across the hall from two brilliant but socially awkward physicists shows them how little they know about life outside of the laboratory.
"Comedy, Drama",44,TV-14,Suits,8.6,2011,289357,"https://images-na.ssl-images-amazon.com/images/M/MV5BMTk1MjYzOTU2Nl5BMl5BanBnXkFtZTgwMzAxMTg5MTE@._V1_UX67_CR0,0,67,98_AL_.jpg","On the run from a drug deal gone bad, Mike Ross, a brilliant college-dropout, finds himself a job working with Harvey Specter, one of New York City's best lawyers."
Comedy,22,TV-PG,The Office,8.8,2005,238775,"https://images-na.ssl-images-amazon.com/images/M/MV5BMTgzNjAzMDE0NF5BMl5BanBnXkFtZTcwNTEyMzM3OA@@._V1_UY98_CR2,0,67,98_AL_.jpg","A mockumentary on a group of typical office workers, where the workday consists of ego clashes, inappropriate behavior, and tedium."
"Crime, Drama, Fantasy",42,TV-14,Lucifer,8.2,2015,95846,"https://images-na.ssl-images-amazon.com/images/M/MV5BMjI4MTU0NzE1OF5BMl5BanBnXkFtZTgwODI3NDc0OTE@._V1_UX67_CR0,0,67,98_AL_.jpg",Lucifer Morningstar has decided he's had enough of being the dutiful servant in Hell and decides to spend some time on Earth to better understand humanity. He settles in Los Angeles - the City of Angels.
"Drama, Horror, Mystery",121,R,The Killing of a Sacred Deer,7.3,2017,24996,"https://images-na.ssl-images-amazon.com/images/M/MV5BMjU4NDcwOTA2NF5BMl5BanBnXkFtZTgwMjE2OTg4MzI@._V1_UX67_CR0,0,67,98_AL_.jpg","Steven, a charismatic surgeon, is forced to make an unthinkable sacrifice after his life starts to fall apart, when the behavior of a teenage boy he has taken under his wing turns sinister."
"Crime, Drama, Thriller",49,TV-MA,Mr. Robot,8.6,2015,244307,"https://images-na.ssl-images-amazon.com/images/M/MV5BMTYzMDE2MzI4MF5BMl5BanBnXkFtZTgwNTkxODgxOTE@._V1_UX67_CR0,0,67,98_AL_.jpg","Follows Elliot, a young programmer working as a cyber-security engineer by day, and a vigilante hacker by night."
"Comedy, Drama",57,TV-MA,The Marvelous Mrs. Maisel,9,2017,7331,"https://images-na.ssl-images-amazon.com/images/M/MV5BZTI0MjllMGMtOGYxMi00MTczLWJiMzMtNTA2ZmYxMDE5NmRiXkEyXkFqcGdeQXVyNjkwNzEwMzU@._V1_UX67_CR0,0,67,98_AL_.jpg",A housewife in the 1950s decides to become a stand-up comic.
"Action, Crime, Music",112,R,Baby Driver,7.7,2017,239013,"https://images-na.ssl-images-amazon.com/images/M/MV5BMjM3MjQ1MzkxNl5BMl5BanBnXkFtZTgwODk1ODgyMjI@._V1_UX67_CR0,0,67,98_AL_.jpg","After being coerced into working for a crime boss, a young getaway driver finds himself taking part in a heist doomed to fail."
"Comedy, Crime, Drama",118,PG-13,Logan Lucky,7.1,2017,51347,"https://images-na.ssl-images-amazon.com/images/M/MV5BMTYyODg0NDU1OV5BMl5BanBnXkFtZTgwNjcxMzU0MjI@._V1_UX67_CR0,0,67,98_AL_.jpg",Two brothers attempt to pull off a heist during a NASCAR race in North Carolina.
"Action, Biography, Comedy",115,R,American Made,7.2,2017,62818,"https://images-na.ssl-images-amazon.com/images/M/MV5BMTUxNzUwMjk1Nl5BMl5BanBnXkFtZTgwNDkwODI1MjI@._V1_UX67_CR0,0,67,98_AL_.jpg","The story of Barry Seal, an American pilot who became a drug-runner for the CIA in the 1980s in a clandestine operation that would be exposed as the Iran-Contra Affair."
"Drama, Mystery, Sci-Fi",62,TV-MA,Westworld,8.9,2016,241696,"https://images-na.ssl-images-amazon.com/images/M/MV5BMTEyODk5NTc2MjNeQTJeQWpwZ15BbWU4MDQ5NTgwOTkx._V1_UX67_CR0,0,67,98_AL_.jpg","Set at the intersection of the near future and the reimagined past, explore a world in which every human appetite, no matter how noble or depraved, can be indulged without consequence."
"Drama, Fantasy, Romance",64,TV-MA,Outlander,8.5,2014,73070,"https://images-na.ssl-images-amazon.com/images/M/MV5BMTEwMDUyMzgyNDVeQTJeQWpwZ15BbWU4MDQ3ODU3ODIy._V1_UX67_CR0,0,67,98_AL_.jpg",An English combat nurse from 1945 is mysteriously swept back in time to 1743.
"Action, Adventure, Fantasy",141,PG-13,Wonder Woman,7.6,2017,352203,"https://images-na.ssl-images-amazon.com/images/M/MV5BNDFmZjgyMTEtYTk5MC00NmY0LWJhZjktOWY2MzI5YjkzODNlXkEyXkFqcGdeQXVyMDA4NzMyOA@@._V1_UX67_CR0,0,67,98_AL_.jpg","When a pilot crashes and tells of conflict in the outside world, Diana, an Amazonian warrior in training, leaves home to fight a war, discovering her full powers and true destiny."
"Adventure, Drama, Western",133,R,Hostiles,7.1,2017,1018,"https://images-na.ssl-images-amazon.com/images/M/MV5BOTBlNGQ1NDctMjY0Yy00MjZlLWIxMzYtYjVmZmQzMTI5OTdiXkEyXkFqcGdeQXVyNjkwMzU3NDI@._V1_UX67_CR0,0,67,98_AL_.jpg","In 1892, a legendary Army captain reluctantly agrees to escort a Cheyenne chief and his family through dangerous territory."
"Crime, Drama, Mystery",42,TV-14,Criminal Minds,8.1,2005,123400,"https://images-na.ssl-images-amazon.com/images/M/MV5BNGE2ZmFkZTYtNjRiOS00ZjE3LThjOWMtZTViZjRmNDFjNTQwXkEyXkFqcGdeQXVyNjg4NzAyOTA@._V1_UX67_CR0,0,67,98_AL_.jpg","The cases of the F.B.I. Behavioral Analysis Unit (B.A.U.), an elite group of profilers who analyze the nation's most dangerous serial killers and individual heinous crimes in an effort to anticipate their next moves before they strike again."
Comedy,100,PG-13,Daddy's Home 2,6.2,2017,10000,"https://images-na.ssl-images-amazon.com/images/M/MV5BNDA4Nzc1OTg2OV5BMl5BanBnXkFtZTgwODE3ODgwNDI@._V1_UX67_CR0,0,67,98_AL_.jpg","Having finally gotten used to each other's existence, Brad and Dusty must now deal with their intrusive fathers during the holidays."
"Action, Crime, Drama",42,TV-14,Gotham,7.9,2014,168400,"https://images-na.ssl-images-amazon.com/images/M/MV5BODEyODExMjg0NF5BMl5BanBnXkFtZTgwODgxOTY0MzI@._V1_UY98_CR5,0,67,98_AL_.jpg",The story behind Detective James Gordon's rise to prominence in Gotham City in the years before Batman's arrival.
"Action, Mystery, Thriller",115,R,Atomic Blonde,6.8,2017,92043,"https://images-na.ssl-images-amazon.com/images/M/MV5BMjM5NDYzMzg5N15BMl5BanBnXkFtZTgwOTM2NDU1MjI@._V1_UX67_CR0,0,67,98_AL_.jpg",An undercover MI6 agent is sent to Berlin during the Cold War to investigate the murder of a fellow agent and recover a missing list of double agents.
"Crime, Drama",60,TV-14,Manhunt: Unabomber,8.2,2017,9892,"https://images-na.ssl-images-amazon.com/images/M/MV5BOTcxMjEyMzc4NV5BMl5BanBnXkFtZTgwOTQ4MjE4MjI@._V1_UX67_CR0,0,67,98_AL_.jpg",An in-depth look at how an FBI profiler helped track down the Unabomber.
Drama,41,TV-14,The Good Doctor,8.5,2017,16723,"https://images-na.ssl-images-amazon.com/images/M/MV5BMTU0Nzk2MDE2MV5BMl5BanBnXkFtZTgwMzg0MzI3MzI@._V1_UX67_CR0,0,67,98_AL_.jpg","Shaun Murphy, a young surgeon with autism and Savant syndrome, is recruited into the surgical unit of a prestigious hospital."
"Adventure, Comedy, Drama",44,TV-14,The Orville,7.9,2017,25059,"https://images-na.ssl-images-amazon.com/images/M/MV5BMTc5NTAxNzk2M15BMl5BanBnXkFtZTgwMzYwODEyMzI@._V1_UX67_CR0,0,67,98_AL_.jpg","Follows the crew of the not-so-functional exploratory ship in the Earth's interstellar fleet, 400 years in the future."
"Biography, Comedy, Drama",121,PG-13,Battle of the Sexes,6.8,2017,13653,"https://images-na.ssl-images-amazon.com/images/M/MV5BZTljYmU2NTMtODhhNC00NjlhLWJhZTUtNDllODYyYWM4ZjA5XkEyXkFqcGdeQXVyNjM0ODk5NDY@._V1_UX67_CR0,0,67,98_AL_.jpg",The true story of the 1973 tennis match between World number one
"Biography, Crime, Drama",49,TV-MA,Narcos,8.9,2015,228688,"https://images-na.ssl-images-amazon.com/images/M/MV5BMTU0ODQ4NDg2OF5BMl5BanBnXkFtZTgwNzczNTE4OTE@._V1_UX67_CR0,0,67,98_AL_.jpg","A chronicled look at the criminal exploits of Colombian drug lord Pablo Escobar, as well as the many other drug kingpins who plagued the country through the years."
"Action, Adventure, Sci-Fi",133,PG-13,Spider-Man: Homecoming,7.6,2017,258347,"https://images-na.ssl-images-amazon.com/images/M/MV5BNTk4ODQ1MzgzNl5BMl5BanBnXkFtZTgwMTMyMzM4MTI@._V1_UX67_CR0,0,67,98_AL_.jpg","Peter Parker balances his life as an ordinary high school student in Queens with his superhero alter-ego Spider-Man, and finds himself on the trail of a new menace prowling the skies of New York City."
"Drama, Mystery, Sci-Fi",43,TV-14,The 100,7.8,2014,141635,"https://images-na.ssl-images-amazon.com/images/M/MV5BNzI0NzM4Mjk3MV5BMl5BanBnXkFtZTgwNTg0MDQyMTI@._V1_UY98_CR5,0,67,98_AL_.jpg","Set ninety-seven years after a nuclear war has destroyed civilization, when a spaceship housing humanity's lone survivors sends one hundred juvenile delinquents back to Earth, in hopes of possibly re-populating the planet."
"Comedy, Drama",45,TV-14,This Is Us,8.8,2016,45066,"https://images-na.ssl-images-amazon.com/images/M/MV5BMTY1MzIwMjA5OV5BMl5BanBnXkFtZTgwNDYyOTExMzI@._V1_UY98_CR5,0,67,98_AL_.jpg","Follows a unique ensemble, as their paths cross and their life stories interwine, from sharing the same birthday, to so much more than anyone would expect."
"Drama, Horror, Thriller",60,TV-MA,American Horror Story,8.2,2011,223827,"https://images-na.ssl-images-amazon.com/images/M/MV5BMTk5MTcwMDAzMF5BMl5BanBnXkFtZTgwMzQ2MzkzMzI@._V1_UY98_CR0,0,67,98_AL_.jpg","An anthology series centering on different characters and locations, including a house with a murderous past, an insane asylum, a witch coven, a freak show, a hotel, a possessed farmhouse, and a cult."
"Drama, Horror, Sci-Fi",109,PG-13,Flatliners,5.1,2017,13389,"https://images-na.ssl-images-amazon.com/images/M/MV5BMTExMTk2ODk0NDNeQTJeQWpwZ15BbWU4MDMxNTExNjIy._V1_UX67_CR0,0,67,98_AL_.jpg","Five medical students, obsessed by what lies beyond the confines of life, embark on a daring experiment: by stopping their hearts for short periods, each triggers a near-death experience - giving them a firsthand account of the afterlife."
"Crime, Drama, Thriller",49,TV-MA,Breaking Bad,9.5,2008,1047694,"https://images-na.ssl-images-amazon.com/images/M/MV5BZDNhNzhkNDctOTlmOS00NWNmLWEyODQtNWMxM2UzYmJiNGMyXkEyXkFqcGdeQXVyNTMxMjgxMzA@._V1_UY98_CR1,0,67,98_AL_.jpg",A high school chemistry teacher diagnosed with inoperable lung cancer turns to manufacturing and selling methamphetamine in order to secure his family's future.
"Action, Adventure, Drama",60,TV-14,Knightfall,6.3,2017,2669,"https://images-na.ssl-images-amazon.com/images/M/MV5BMTA4NTE2ODQ4MTBeQTJeQWpwZ15BbWU4MDA4MDM0MzQz._V1_UX67_CR0,0,67,98_AL_.jpg",A look at the final days of Knights Templar during the 14th century.
"Crime, Drama, Horror",119,R,The Snowman,5.1,2017,18805,"https://images-na.ssl-images-amazon.com/images/M/MV5BNDg1NjYyMTEyOF5BMl5BanBnXkFtZTgwNzY4MDMyMzI@._V1_UX67_CR0,0,67,98_AL_.jpg",Detective Harry Hole investigates the disappearance of a woman whose scarf is found wrapped around an ominous-looking snowman.
"Action, Adventure, Comedy",42,TV-14,The Librarians,7.3,2014,15093,"https://images-na.ssl-images-amazon.com/images/M/MV5BMTUyOTY5MDM0MF5BMl5BanBnXkFtZTgwNzU0MzAyNDM@._V1_UX67_CR0,0,67,98_AL_.jpg","A group of librarians set off on adventures in an effort to save mysterious, ancient artifacts."
Comedy,113,R,Father Figures,5,2017,838,"https://images-na.ssl-images-amazon.com/images/M/MV5BMjA3MDQ4MDI1M15BMl5BanBnXkFtZTgwMDYxMjcxNDM@._V1_UX67_CR0,0,67,98_AL_.jpg","Upon learning that their mother has been lying to them for years about their allegedly deceased father, two fraternal twin brothers hit the road in order to find him."
"Drama, History","
Drama, History            ",TV-MA,Gunpowder,7,2017,4360,"https://images-na.ssl-images-amazon.com/images/M/MV5BMTc4MTI0MDI5OV5BMl5BanBnXkFtZTgwNzczMDYzNDM@._V1_UX67_CR0,0,67,98_AL_.jpg",British activist Guy Fawkes and a group of provincial English Catholics plan to blow up the House of Lords and kill King James I in the early 17th century.
"Drama, Sci-Fi",60,TV-MA,The Handmaid's Tale,8.6,2017,47382,"https://images-na.ssl-images-amazon.com/images/M/MV5BMzEzNTIzMDk2OF5BMl5BanBnXkFtZTgwNjIzODQxMjI@._V1_UX67_CR0,0,67,98_AL_.jpg","Set in a dystopian future, a woman is forced to live as a concubine under a fundamentalist theocratic dictatorship."
"Comedy, Crime",22,TV-14,Brooklyn Nine-Nine,8.3,2013,90100,"https://images-na.ssl-images-amazon.com/images/M/MV5BNDc3NzQxODAwOV5BMl5BanBnXkFtZTgwODkwMjU2MzI@._V1_UX67_CR0,0,67,98_AL_.jpg","Jake Peralta, an immature but talented NYPD detective in Brooklyn's 99th Precinct, comes into immediate conflict with his new commanding officer, the serious and stern Captain Ray Holt."
"Action, Adventure, Fantasy",137,PG-13,Valerian and the City of a Thousand Planets,6.6,2017,88251,"https://images-na.ssl-images-amazon.com/images/M/MV5BMTkxMDAxNDUyNV5BMl5BanBnXkFtZTgwOTc3MzcxMjI@._V1_UX67_CR0,0,67,98_AL_.jpg","A dark force threatens Alpha, a vast metropolis and home to species from a thousand planets. Special operatives Valerian and Laureline must race to identify the marauding menace and safeguard not just Alpha, but the future of the universe."
"Action, Adventure, Comedy",129,R,Kingsman: The Secret Service,7.7,2014,487828,"https://images-na.ssl-images-amazon.com/images/M/MV5BMTkxMjgwMDM4Ml5BMl5BanBnXkFtZTgwMTk3NTIwNDE@._V1_UX67_CR0,0,67,98_AL_.jpg","A spy organization recruits an unrefined, but promising street kid into the agency's ultra-competitive training program, just as a global threat emerges from a twisted tech genius."
"Crime, Drama, Mystery",107,R,Wind River,7.8,2017,81093,"https://images-na.ssl-images-amazon.com/images/M/MV5BMTUyMjU1OTUwM15BMl5BanBnXkFtZTgwMDg1NDQ2MjI@._V1_UX67_CR0,0,67,98_AL_.jpg","A veteran tracker with the Fish and Wildlife Service helps to investigate the murder of a young Native American woman, and uses the case as a means of seeking redemption for an earlier act of irresponsibility which ended in tragedy."
"Action, Drama, Sci-Fi",137,R,Logan,8.1,2017,425691,"https://images-na.ssl-images-amazon.com/images/M/MV5BMjQwODQwNTg4OV5BMl5BanBnXkFtZTgwMTk4MTAzMjI@._V1_UX67_CR0,0,67,98_AL_.jpg","In the near future, a weary Logan cares for an ailing Professor X, somewhere on the Mexican border. However, Logan's attempts to hide from the world, and his legacy, are upended when a young mutant arrives, pursued by dark forces."
"Action, Drama, Fantasy",43,TV-14,The Gifted,7.9,2017,13200,"https://images-na.ssl-images-amazon.com/images/M/MV5BNzY5NTI0ODg5MV5BMl5BanBnXkFtZTgwMTM0NjM5MjI@._V1_UX67_CR0,0,67,98_AL_.jpg","In a world where mutated humans are treated with distrust and fear, an institute for mutants battles to achieve peaceful co-existence with humanity."
"Adventure, Fantasy, Romance",44,TV-PG,Once Upon a Time,7.9,2011,187677,"https://images-na.ssl-images-amazon.com/images/M/MV5BNmVjNGRlM2UtNTc3Zi00NDliLTg1NzItZjY1ZDFjNDI0MWFmXkEyXkFqcGdeQXVyMzAzNTY3MDM@._V1_UX67_CR0,0,67,98_AL_.jpg",A young woman with a troubled past is drawn to a small town in Maine where fairy tales are to be believed.
"Crime, Drama, Mystery",43,TV-14,The Blacklist,8.1,2013,134074,"https://images-na.ssl-images-amazon.com/images/M/MV5BMGYyZDFjOGMtNDE2Zi00ODg3LWJiZjktMWFiYjUwOTVmNjBkXkEyXkFqcGdeQXVyNjMxNzcwOTI@._V1_UX67_CR0,0,67,98_AL_.jpg","A new FBI profiler, Elizabeth Keen, has her entire life uprooted when a mysterious criminal, Raymond Reddington, who has eluded capture for decades, turns himself in and insists on speaking only to her."
"Horror, Thriller",123,R,Mom and Dad,6.7,2017,271,"https://images-na.ssl-images-amazon.com/images/M/MV5BNTQ5NDkwZDQtNzk3OC00YmNkLWEzZjUtMDIyMmY4MzUxYzI0XkEyXkFqcGdeQXVyMTg2NjYzOA@@._V1_UY98_CR2,0,67,98_AL_.jpg",A teenage girl and her little brother must survive a wild 24 hours during which a mass hysteria of unknown origins causes parents to turn violently on their own kids.
"Drama, History","
Drama, History            ",,The Miniaturist,7.2,2017,502,"https://images-na.ssl-images-amazon.com/images/M/MV5BZWU3Zjg4YjUtN2VlYi00MWFiLThhMjYtNjZkOGE1MzEwOGUyXkEyXkFqcGdeQXVyNTQxOTM1NTc@._V1_UY98_CR53,0,67,98_AL_.jpg","A woman moves to live with her new husband in 17th century Amsterdam, but soon discovers that not everything is what it seems. Based on the adaptation by Jessie Burton."
Comedy,30,TV-MA,Jean-Claude Van Johnson,8.1,2016,3365,"https://images-na.ssl-images-amazon.com/images/M/MV5BMmFkYjc2ZGUtMGQ1MC00MWQ2LTg0MzctN2Y5MTgxY2NhYThlXkEyXkFqcGdeQXVyNjkwNzEwMzU@._V1_UX67_CR0,0,67,98_AL_.jpg","Stars global martial arts & actor Jean-Claude Van Damme playing ""Jean-Claude Van Damme"", a global martial arts & film sensation, also operating under the simple alias of ""Johnson"" as the ..."
"Drama, Mystery",60,TV-MA,13 Reasons Why,8.4,2017,144264,"https://images-na.ssl-images-amazon.com/images/M/MV5BYTFmNzRlNWYtMmFmNi00ZTFiLWJhODgtOGM5ODQ5NTgxZWUwL2ltYWdlXkEyXkFqcGdeQXVyMTExNDQ2MTI@._V1_UX67_CR0,0,67,98_AL_.jpg","Follows teenager Clay Jensen, in his quest to uncover the story behind his classmate and crush, Hannah, and her decision to end her life."
"Action, Adventure, Drama",161,PG,Tiger Is Alive,7,2017,8839,"https://images-na.ssl-images-amazon.com/images/M/MV5BMTYzOTk4OTA5N15BMl5BanBnXkFtZTgwMzUzNDIwNDI@._V1_UX67_CR0,0,67,98_AL_.jpg","Inspired by real events, Tiger Zinda Hai is a sequel to the blockbuster Ek Tha Tiger, and an espionage action thriller that follows an adventurous rescue mission in Iraq."
"Action, Drama, Mystery",60,TV-14,Designated Survivor,7.8,2016,41826,"https://images-na.ssl-images-amazon.com/images/M/MV5BMjUxODc2NTIxMl5BMl5BanBnXkFtZTgwMjgxMDkyMzI@._V1_UX67_CR0,0,67,98_AL_.jpg",A low-level Cabinet member becomes President of the United States after a catastrophic attack kills everyone above him in the line of succession.
"Comedy, Romance",138,PG-13,The Holiday,6.9,2006,202936,"https://images-na.ssl-images-amazon.com/images/M/MV5BMTI1MDk4MzA2OF5BMl5BanBnXkFtZTYwMjQ3NDc3._V1_UX67_CR0,0,67,98_AL_.jpg","Two women troubled with guy-problems swap homes in each other's countries, where they each meet a local guy and fall in love."
"Crime, Drama",132,Not Rated,Brawl in Cell Block 99,7.2,2017,14978,"https://images-na.ssl-images-amazon.com/images/M/MV5BMzQ4MjEyNjg4Nl5BMl5BanBnXkFtZTgwOTY1NDEzMzI@._V1_UX67_CR0,0,67,98_AL_.jpg",A former boxer-turned-drug runner lands in a prison battleground after a deal gets deadly.
"Action, Adventure, Crime",123,TV-MA,What Happened to Monday,6.9,2017,42480,"https://images-na.ssl-images-amazon.com/images/M/MV5BMjE4MDQxMDg3MF5BMl5BanBnXkFtZTgwNjQ0MTcwMzI@._V1_UX67_CR0,0,67,98_AL_.jpg","In a world where families are limited to one child due to overpopulation, a set of identical septuplets must avoid being put to a long sleep by the government and dangerous infighting while investigating the disappearance of one of their own."
"Crime, Drama, Mystery",88,TV-14,Sherlock,9.2,2010,618393,"https://images-na.ssl-images-amazon.com/images/M/MV5BMWY3NTljMjEtYzRiMi00NWM2LTkzNjItZTVmZjE0MTdjMjJhL2ltYWdlL2ltYWdlXkEyXkFqcGdeQXVyNTQ4NTc5OTU@._V1_UX67_CR0,0,67,98_AL_.jpg",A modern update finds the famous sleuth and his doctor partner solving crime in 21st century London.
"Crime, Drama, Mystery",60,TV-MA,Big Little Lies,8.6,2017,59628,"https://images-na.ssl-images-amazon.com/images/M/MV5BN2VjYmU2NjYtMzgyZi00YmYwLWJhNWUtNTk4ZmRmNWNmZTljL2ltYWdlXkEyXkFqcGdeQXVyNDkzNTM2ODg@._V1_UX67_CR0,0,67,98_AL_.jpg",The apparently perfect lives of three mothers of first graders unravel to the point of murder.
"Drama, Fantasy",60,TV-14,The Magicians,7.5,2015,25855,"https://images-na.ssl-images-amazon.com/images/M/MV5BMTExNTcyNjg3NzFeQTJeQWpwZ15BbWU4MDYxOTUwMzEy._V1_UY98_CR2,0,67,98_AL_.jpg","After being recruited to a secretive academy, a group of students discover that the magic they read about as children is very real-and more dangerous than they ever imagined."
"Crime, Drama, Mystery",53,TV-MA,Dexter,8.7,2006,553830,"https://images-na.ssl-images-amazon.com/images/M/MV5BMTM5MjkwMTI0MV5BMl5BanBnXkFtZTcwODQwMTc0OQ@@._V1_UY98_CR2,0,67,98_AL_.jpg","By day, mild-mannered Dexter is a blood-spatter analyst for the Miami police. But at night, he is a serial killer who only targets other murderers."
"Crime, Drama, Mystery",43,Not Rated,Major Crimes,7.6,2012,9612,"https://images-na.ssl-images-amazon.com/images/M/MV5BMTExMzA0NTQwMzheQTJeQWpwZ15BbWU3MDMzNzY2MTg@._V1_UX67_CR0,0,67,98_AL_.jpg","The Closer (2005) spin-off series, which follows Captain Raydor of the Los Angeles Police Department."
"Crime, Drama, Thriller",60,TV-MA,Ozark,8.4,2017,52274,"https://images-na.ssl-images-amazon.com/images/M/MV5BODIyNzk5NDg5M15BMl5BanBnXkFtZTgwMTE5NjA5MjI@._V1_UX67_CR0,0,67,98_AL_.jpg",A Chicago-based financial advisor secretly relocates his family to the Missouri Ozarks when his dealings with a drug cartel go awry.
"Action, Adventure, Horror",105,R,Beyond Skyline,5.5,2017,4041,"https://images-na.ssl-images-amazon.com/images/M/MV5BNDBlMzY1MmMtMWUwMS00ODk5LWJiZDUtN2ZmZjJjYTRhMmNhXkEyXkFqcGdeQXVyMjU3NTI0Mg@@._V1_UX67_CR0,0,67,98_AL_.jpg",A tough-as-nails detective embarks on a relentless pursuit to free his son from a nightmarish alien warship.
"Action, Thriller",112,R,American Assassin,6.2,2017,31455,"https://images-na.ssl-images-amazon.com/images/M/MV5BMjM0MjY4MTk5NV5BMl5BanBnXkFtZTgwNDE2NTQyMzI@._V1_UX67_CR0,0,67,98_AL_.jpg","After the death of his girlfriend at the hands of terrorists, Mitch Rapp is drawn into the world of counterterrorism, mentored by tough-as-nails former U.S. Navy S.E.A.L. Stan Hurley."
"Action, Comedy",118,R,The Hitman's Bodyguard,7,2017,101532,"https://images-na.ssl-images-amazon.com/images/M/MV5BMjQ5NjA2NDg1MV5BMl5BanBnXkFtZTgwMDAzNDc4MjI@._V1_UX67_CR0,0,67,98_AL_.jpg","The world's top bodyguard gets a new client, a hit man who must testify at the International Criminal Court. They must put their differences aside and work together to make it to the trial on time."
"Drama, Family, Fantasy",105,PG,Cinderella,7,I) (,124785,"https://images-na.ssl-images-amazon.com/images/M/MV5BMjMxODYyODEzN15BMl5BanBnXkFtZTgwMDk4OTU0MzE@._V1_UX67_CR0,0,67,98_AL_.jpg","When her father unexpectedly passes away, young Ella finds herself at the mercy of her cruel stepmother and her scheming step-sisters. Never one to give up hope, Ella's fortunes begin to change after meeting a dashing stranger."
"Comedy, Music, Romance",112,PG-13,Pitch Perfect,7.2,2012,235838,"https://images-na.ssl-images-amazon.com/images/M/MV5BMTcyMTMzNzE5N15BMl5BanBnXkFtZTcwNzg5NjM5Nw@@._V1_UX67_CR0,0,67,98_AL_.jpg","Beca, a freshman at Barden University, is cajoled into joining The Bellas, her school's all-girls singing group. Injecting some much needed energy into their repertoire, The Bellas take on their male rivals in a campus competition."
"Comedy, Crime, Fantasy",60,TV-MA,Happy!,8.4,2017,2013,"https://images-na.ssl-images-amazon.com/images/M/MV5BNzk2NjYxMDMxMV5BMl5BanBnXkFtZTgwMzQxODcwNDI@._V1_UX67_CR0,0,67,98_AL_.jpg",An injured hitman befriends a perky blue horse.
"Action, Adventure, Drama",43,TV-PG,Supergirl,6.5,2015,76390,"https://images-na.ssl-images-amazon.com/images/M/MV5BOGM1M2NhMGMtZDMxNC00NGU1LWFmODMtOTRjMjdiYjVjN2MxXkEyXkFqcGdeQXVyNjYwMTg4NTg@._V1_UY98_CR5,0,67,98_AL_.jpg",The adventures of Superman's cousin in her own superhero career.
"Crime, Drama, Thriller",53,TV-MA,Fargo,9,2014,228019,"https://images-na.ssl-images-amazon.com/images/M/MV5BMTg5NTYxNjkyNl5BMl5BanBnXkFtZTgwNzY1Mjg4MTI@._V1_UY98_CR0,0,67,98_AL_.jpg","Various chronicles of deception, intrigue and murder in and around frozen Minnesota. Yet all of these tales mysteriously lead back one way or another to Fargo, ND."
"Animation, Adventure, Comedy",103,PG,Paddington 2,8.1,2017,6686,"https://images-na.ssl-images-amazon.com/images/M/MV5BMmYwNWZlNzEtNjE4Zi00NzQ4LWI2YmUtOWZhNzZhZDYyNmVmXkEyXkFqcGdeQXVyNzYzODM3Mzg@._V1_UX67_CR0,0,67,98_AL_.jpg","Paddington, now happily settled with the Brown family and a popular member of the local community, picks up a series of odd jobs to buy the perfect present for his Aunt Lucy's 100th birthday, only for the gift to be stolen."
"Action, Adventure, Fantasy",123,PG-13,Suicide Squad,6.1,2016,455762,"https://images-na.ssl-images-amazon.com/images/M/MV5BMjM1OTMxNzUyM15BMl5BanBnXkFtZTgwNjYzMTIzOTE@._V1_UX67_CR0,0,67,98_AL_.jpg",A secret government agency recruits some of the most dangerous incarcerated super-villains to form a defensive task force. Their first mission: save the world from the apocalypse.
"Biography, Drama, History",60,TV-PG,Victoria,8.2,2016,11601,"https://images-na.ssl-images-amazon.com/images/M/MV5BNzE0YzhlOTEtOWRhNy00ZDA0LWIyNTQtNTBiODRhZTRjZmJmXkEyXkFqcGdeQXVyNTAyODkwOQ@@._V1_UX67_CR0,0,67,98_AL_.jpg","The early life of Queen Victoria, from her ascension to the throne at the tender age of 18 to her courtship and marriage to Prince Albert."
"Comedy, Drama, Romance",120,R,The Big Sick,7.7,2017,57671,"https://images-na.ssl-images-amazon.com/images/M/MV5BZWM4YzZjOTEtZmU5ZS00ZTRkLWFiNjAtZTEwNzIzMDM5MjdmXkEyXkFqcGdeQXVyNDg2MjUxNjM@._V1_UX67_CR0,0,67,98_AL_.jpg","Pakistan-born comedian Kumail Nanjiani and grad student Emily Gardner fall in love but struggle as their cultures clash. When Emily contracts a mysterious illness, Kumail finds himself forced to face her feisty parents, his family's expectations, and his true feelings."
Drama,"
Drama            ",,Little Women,7.1,2017,362,"https://images-na.ssl-images-amazon.com/images/M/MV5BOGMwNGY1NmUtYTViZS00MGZlLWJiNjItM2ViOTA0NjI0MTM0XkEyXkFqcGdeQXVyNDczNjA4MjY@._V1_UX67_CR0,0,67,98_AL_.jpg","Dramatisation of Louisa May Alcott's novel about the lives of the four March sisters during the American Civil War as they learn to navigate love, loss and the trials of growing up."
"Comedy, Drama, War",125,R,Last Flag Flying,7.2,2017,2173,"https://images-na.ssl-images-amazon.com/images/M/MV5BMjI3MDAxNTg1OF5BMl5BanBnXkFtZTgwMzMzMDM1MzI@._V1_UX67_CR0,0,67,98_AL_.jpg","Thirty years after they served together in Vietnam, a former Navy Corpsman Larry ""Doc"" Shepherd re-unites with his old buddies, former Marines Sal Nealon and Reverend Richard Mueller, to bury his son, a young Marine killed in the Iraq War."
"Animation, Comedy, Family",108,PG,Sing,7.1,2016,90010,"https://images-na.ssl-images-amazon.com/images/M/MV5BMTYzODYzODU2Ml5BMl5BanBnXkFtZTgwNTc1MTA2NzE@._V1_UX67_CR0,0,67,98_AL_.jpg","In a city of humanoid animals, a hustling theater impresario's attempt to save his theater with a singing competition becomes grander than he anticipates even as its finalists' find that their lives will never be the same."
"Comedy, Romance",22,TV-14,How I Met Your Mother,8.4,2005,498535,"https://images-na.ssl-images-amazon.com/images/M/MV5BMTA5MzAzNTcyNjZeQTJeQWpwZ15BbWU3MDUyMzE1MTk@._V1_UX67_CR0,0,67,98_AL_.jpg","A father recounts to his children, through a series of flashbacks, the journey he and his four best friends took leading up to him meeting their mother."
"Comedy, Crime, Drama",59,TV-MA,Orange Is the New Black,8.2,2013,227322,"https://images-na.ssl-images-amazon.com/images/M/MV5BMTU1OTcwNjg2Nl5BMl5BanBnXkFtZTgwOTk0NTk0MjI@._V1_UX67_CR0,0,67,98_AL_.jpg","Convicted of a decade old crime of transporting drug money to an ex-girlfriend, normally law abiding Piper Chapman is sentenced to a year and a half behind bars to face the reality of how life changing prison can really be."
"Action, Crime, Thriller",122,R,John Wick: Chapter 2,7.5,2017,205628,"https://images-na.ssl-images-amazon.com/images/M/MV5BMjE2NDkxNTY2M15BMl5BanBnXkFtZTgwMDc2NzE0MTI@._V1_UX67_CR0,0,67,98_AL_.jpg","After returning to the criminal underworld to repay a debt, John Wick discovers that a large bounty has been put on his life."
Sci-Fi,60,TV-14,Star Trek: Discovery,7.4,2017,33751,"https://images-na.ssl-images-amazon.com/images/M/MV5BMjM3NDA1NjM1Nl5BMl5BanBnXkFtZTgwNzg5ODEzMzI@._V1_UY98_CR0,0,67,98_AL_.jpg","Ten years before Kirk, Spock and the Enterprise, the USS Discovery discovers new worlds and lifeforms as one Starfleet officer learns to understand all things alien."
"Drama, Mystery, Thriller",59,TV-MA,Taboo,8.6,2017,76241,"https://images-na.ssl-images-amazon.com/images/M/MV5BMTYyNTQwNzk0OV5BMl5BanBnXkFtZTgwMDAyMDI2MDI@._V1_UX67_CR0,0,67,98_AL_.jpg","Adventurer James Keziah Delaney returns to London during the War of 1812 to rebuild his late father's shipping empire. However, both the government and his biggest competitor want his inheritance at any cost - even murder."
"Action, Crime, Drama",60,TV-14,Longmire,8.3,2012,22509,"https://images-na.ssl-images-amazon.com/images/M/MV5BMTcxMzIwNzI3M15BMl5BanBnXkFtZTgwODgxMTU5OTE@._V1_UX67_CR0,0,67,98_AL_.jpg","Walt Longmire is the dedicated and unflappable sheriff of Absaroka County, Wyoming. Widowed only a year, he is a man in psychic repair but buries his pain behind his brave face, unassuming grin and dry wit."
"Action, Crime, Drama",42,TV-14,Hawaii Five-0,7.4,2010,55088,"https://images-na.ssl-images-amazon.com/images/M/MV5BM2Q2OTQyN2MtYWY1ZC00NzY0LWEzZDgtYmQyZWNlODE0NTAyXkEyXkFqcGdeQXVyNjg4NzAyOTA@._V1_UX67_CR0,0,67,98_AL_.jpg","Steve McGarrett returns home to Oahu, in order to find his father's killer. The Governor offers him the chance to run his own task force (Five-0)."
Romance,"
Romance            ",,Christmas Inheritance,5.6,2017,3052,"https://images-na.ssl-images-amazon.com/images/M/MV5BMjIwMjA4MzkzNV5BMl5BanBnXkFtZTgwOTM3NTczNDM@._V1_UY98_CR3,0,67,98_AL_.jpg","Before ambitious heiress Ellen Langford can inherit her father's gift business, she must deliver a special Christmas card to her dad's former partner in Snow Falls, the hometown she never ..."
"Crime, Drama, Mystery",55,TV-MA,Homeland,8.4,2011,258299,"https://images-na.ssl-images-amazon.com/images/M/MV5BMTA1MTA4MjU5MjReQTJeQWpwZ15BbWU4MDg3Mjc0NjAy._V1_UY98_CR2,0,67,98_AL_.jpg",A bipolar CIA operative becomes convinced a prisoner of war has been turned by al-Qaeda and is planning to carry out a terrorist attack on American soil.
"Action, Adventure, Drama",42,TV-14,Legends of Tomorrow,7,2016,63822,"https://images-na.ssl-images-amazon.com/images/M/MV5BODVjYzliMTQtODk0My00MmUxLTkwMzMtMWJjMGQzZmU5MzAwXkEyXkFqcGdeQXVyNTc4MjczMTM@._V1_UY98_CR5,0,67,98_AL_.jpg","Focuses on time-traveling rogue Rip Hunter, who has to recruit a rag-tag team of heroes and villains to help prevent an apocalypse that could impact not only Earth, but all of time."
"Action, Adventure, Sci-Fi",121,PG-13,Guardians of the Galaxy,8.1,2014,807606,"https://images-na.ssl-images-amazon.com/images/M/MV5BMTAwMjU5OTgxNjZeQTJeQWpwZ15BbWU4MDUxNDYxODEx._V1_UX67_CR0,0,67,98_AL_.jpg",A group of intergalactic criminals are forced to work together to stop a fanatical warrior from taking control of the universe.
"Action, Adventure, Drama",140,PG-13,War for the Planet of the Apes,7.5,2017,143405,"https://images-na.ssl-images-amazon.com/images/M/MV5BNDNmYTQzMDEtMmY0MS00OTNjLTk4MjItMDZhMzkzOGI3MzA0XkEyXkFqcGdeQXVyNjk5NDA3OTk@._V1_UX67_CR0,0,67,98_AL_.jpg","After the apes suffer unimaginable losses, Caesar wrestles with his darker instincts and begins his own mythic quest to avenge his kind."
"Drama, Fantasy, Horror",43,TV-14,The Vampire Diaries,7.8,2009,243595,"https://images-na.ssl-images-amazon.com/images/M/MV5BMDU3MDBkMGMtMmNmNi00ZGExLTk1YTQtZjVjMjEyZGM3ZWY3XkEyXkFqcGdeQXVyNjU2NjA5NjM@._V1_UY98_CR1,0,67,98_AL_.jpg",A young teen struggles to make a decision between two vampire brothers and their supernatural lives. Soon after she discovers the truth her whole world turns upside down.
"Animation, Adventure, Comedy",102,PG,Frozen,7.5,I) (,472572,"https://images-na.ssl-images-amazon.com/images/M/MV5BMTQ1MjQwMTE5OF5BMl5BanBnXkFtZTgwNjk3MTcyMDE@._V1_UX67_CR0,0,67,98_AL_.jpg","When the newly crowned Queen Elsa accidentally uses her power to turn things into ice to curse her home in infinite winter, her sister, Anna, teams up with a mountain man, his playful reindeer, and a snowman to change the weather condition."
"Crime, Drama, Thriller",143,R,Detroit,7.4,2017,19374,"https://images-na.ssl-images-amazon.com/images/M/MV5BMTg4MDk4MTUxMF5BMl5BanBnXkFtZTgwNDE5NjA5MjI@._V1_UX67_CR0,0,67,98_AL_.jpg",Fact-based drama set during the 1967 Detroit riots in which a group of rogue police officers respond to a complaint with retribution rather than justice on their minds.
"Action, Crime, Drama",42,TV-14,Blindspot,7.5,2015,51290,"https://images-na.ssl-images-amazon.com/images/M/MV5BNjJiOGM3NmQtYzEwNS00ZTgyLWI2NTYtZGZmYjNmZjAzYTExXkEyXkFqcGdeQXVyNjMxNzcwOTI@._V1_UX67_CR0,0,67,98_AL_.jpg",Jane Doe is found in Times Square with no memory and mysterious tattoos on her body.
"Biography, Drama",119,R,Stronger,7.1,I) (,11963,"https://images-na.ssl-images-amazon.com/images/M/MV5BMjE0NjIwMjQ2MF5BMl5BanBnXkFtZTgwNTAxMzQ5MjI@._V1_UX67_CR0,0,67,98_AL_.jpg","Stronger is the inspiring real life story of Jeff Bauman, an ordinary man who captured the hearts of his city and the world to become a symbol of hope after surviving the 2013 Boston Marathon bombing."
Comedy,105,R,Office Christmas Party,5.8,2016,44740,"https://images-na.ssl-images-amazon.com/images/M/MV5BNTI2MDE5MjQ3MV5BMl5BanBnXkFtZTgwNjA0MTUzMDI@._V1_UX67_CR0,0,67,98_AL_.jpg","When his uptight CEO sister threatens to shut down his branch, the branch manager throws an epic Christmas party in order to land a big client and save the day, but the party gets way out of hand..."
"Action, Crime, Drama",54,TV-MA,Daredevil,8.7,2015,278602,"https://images-na.ssl-images-amazon.com/images/M/MV5BNzUwMDEyMTIxM15BMl5BanBnXkFtZTgwNDU3OTYyODE@._V1_UX67_CR0,0,67,98_AL_.jpg","Matt Murdock, with his other senses superhumanly enhanced, fights crime as a blind lawyer by day, and vigilante by night."
"Drama, Mystery, Thriller",60,TV-14,The Sinner,8,2017,20720,"https://images-na.ssl-images-amazon.com/images/M/MV5BMjExMjcxMjM3OV5BMl5BanBnXkFtZTgwMTUwODQwMzI@._V1_UX67_CR0,0,67,98_AL_.jpg",A young mother tries to find out what's causing her to have violent tendencies.
"Action, Comedy, Crime",116,R,Baywatch,5.6,2017,84438,"https://images-na.ssl-images-amazon.com/images/M/MV5BNTA4MjQ0ODQzNF5BMl5BanBnXkFtZTgwNzA5NjYzMjI@._V1_UX67_CR0,0,67,98_AL_.jpg","Devoted lifeguard Mitch Buchannon butts heads with a brash new recruit, as they uncover a criminal plot that threatens the future of the bay."
"Action, Adventure, Sci-Fi",124,PG-13,Jurassic World,7,2015,478273,"https://images-na.ssl-images-amazon.com/images/M/MV5BNWEyNTE0YTEtY2FkMi00MmY3LTg4MWMtODdjYjRkNGM4ZTZhXkEyXkFqcGdeQXVyMzI0NDc4ODY@._V1_UX67_CR0,0,67,98_AL_.jpg","A new theme park, built on the original site of Jurassic Park, creates a genetically modified hybrid dinosaur, which escapes containment and goes on a killing spree."
"Horror, Thriller",117,PG-13,Split,7.3,IX) ,238061,"https://images-na.ssl-images-amazon.com/images/M/MV5BZTJiNGM2NjItNDRiYy00ZjY0LTgwNTItZDBmZGRlODQ4YThkL2ltYWdlXkEyXkFqcGdeQXVyMjY5ODI4NDk@._V1_UX67_CR0,0,67,98_AL_.jpg",Three girls are kidnapped by a man with a diagnosed 23 distinct personalities. They must try to escape before the apparent emergence of a frightful new 24th.
"Adventure, Family, Fantasy",133,PG-13,Fantastic Beasts and Where to Find Them,7.4,2016,285286,"https://images-na.ssl-images-amazon.com/images/M/MV5BMjMxOTM1OTI4MV5BMl5BanBnXkFtZTgwODE5OTYxMDI@._V1_UX67_CR0,0,67,98_AL_.jpg",The adventures of writer Newt Scamander in New York's secret community of witches and wizards seventy years before Harry Potter reads his book in school.
"Comedy, Music",115,PG-13,Pitch Perfect 2,6.4,2015,115313,"https://images-na.ssl-images-amazon.com/images/M/MV5BMzk4OTM2NzMzNl5BMl5BanBnXkFtZTgwNTAzNDE0NDE@._V1_UX67_CR0,0,67,98_AL_.jpg","After a humiliating commando performance at The Kennedy Center, the Barden Bellas enter an international competition that no American group has ever won in order to regain their status and right to perform."
"Action, Adventure, Fantasy",140,PG-13,Star Wars: Episode III - Revenge of the Sith,7.6,2005,585973,"https://images-na.ssl-images-amazon.com/images/M/MV5BNTc4MTc3NTQ5OF5BMl5BanBnXkFtZTcwOTg0NjI4NA@@._V1_UY98_CR3,0,67,98_AL_.jpg","Three years into the Clone Wars, the Jedi rescue Palpatine from Count Dooku. As Obi-Wan pursues a new threat, Anakin acts as a double agent between the Jedi Council and Palpatine and is lured into a sinister plan to rule the galaxy."
"Animation, Adventure, Comedy",107,PG,Moana,7.6,I) (,171713,"https://images-na.ssl-images-amazon.com/images/M/MV5BMjI4MzU5NTExNF5BMl5BanBnXkFtZTgwNzY1MTEwMDI@._V1_UX67_CR0,0,67,98_AL_.jpg","In Ancient Polynesia, when a terrible curse incurred by the Demigod Maui reaches Moana's island, she answers the Ocean's call to seek out the Demigod to set things right."
"Crime, Drama, Thriller",45,TV-MA,Sons of Anarchy,8.6,2008,208918,"https://images-na.ssl-images-amazon.com/images/M/MV5BMTEyODg2NzkwMDBeQTJeQWpwZ15BbWU4MDQwODI3MzIx._V1_UX67_CR0,0,67,98_AL_.jpg",A man in his early 30s struggles to find a balance in his life between being a new dad and his involvement in a motorcycle club.
"Action, Adventure, Fantasy",129,PG-13,Pirates of the Caribbean: Dead Men Tell No Tales,6.7,2017,167052,"https://images-na.ssl-images-amazon.com/images/M/MV5BMTYyMTcxNzc5M15BMl5BanBnXkFtZTgwOTg2ODE2MTI@._V1_UX67_CR0,0,67,98_AL_.jpg",Captain Jack Sparrow searches for the trident of Poseidon while being pursued by an undead sea captain and his crew.
"Crime, Drama",60,TV-MA,Ray Donovan,8.3,2013,58615,"https://images-na.ssl-images-amazon.com/images/M/MV5BMjQxMTkxNDk4MV5BMl5BanBnXkFtZTgwODIzMDAxMzI@._V1_UX67_CR0,0,67,98_AL_.jpg","Ray Donovan, a professional ""fixer"" for the rich and famous in LA, can make anyone's problems disappear except those created by his own family."
"Action, Comedy, Fantasy",30,TV-MA,Ash vs Evil Dead,8.6,2015,44962,"https://images-na.ssl-images-amazon.com/images/M/MV5BMTE0NzUzNTAzMjheQTJeQWpwZ15BbWU4MDM0NDc3ODMy._V1_UX67_CR0,0,67,98_AL_.jpg","Ash has spent the last 30 years avoiding responsibility, maturity and the terrors of the Evil Dead until a Deadite plague threatens to destroy all of mankind and Ash becomes mankind's only hope."
"Action, Adventure, Fantasy",95,PG-13,The Dark Tower,5.7,2017,72744,"https://images-na.ssl-images-amazon.com/images/M/MV5BMTU3MjUwMzQ3MF5BMl5BanBnXkFtZTgwMjcwNjkxMjI@._V1_UX67_CR0,0,67,98_AL_.jpg","The last Gunslinger, Roland Deschain, has been locked in an eternal battle with Walter O'Dim, also known as the Man in Black, determined to prevent him from toppling the Dark Tower, which holds the universe together. With the fate of the worlds at stake, good and evil will collide in the ultimate battle as only Roland can defend the Tower from the Man in Black."
"Comedy, Drama, Music",128,PG-13,La La Land,8.1,I) (,334862,"https://images-na.ssl-images-amazon.com/images/M/MV5BMzUzNDM2NzM2MV5BMl5BanBnXkFtZTgwNTM3NTg4OTE@._V1_UX67_CR0,0,67,98_AL_.jpg","While navigating their careers in Los Angeles, a pianist and an actress fall in love while attempting to reconcile their aspirations for the future."
"Animation, Adventure, Comedy",86,PG,The Star,5.9,2017,1677,"https://images-na.ssl-images-amazon.com/images/M/MV5BMTU4MDQ4NTM2N15BMl5BanBnXkFtZTgwNDM1NTIzMzI@._V1_UX67_CR0,0,67,98_AL_.jpg",A small but brave donkey and his animal friends become the unsung heroes of the first Christmas.
Comedy,22,TV-MA,It's Always Sunny in Philadelphia,8.8,2005,153628,"https://images-na.ssl-images-amazon.com/images/M/MV5BMjQ4MDMzMDg3OV5BMl5BanBnXkFtZTgwNDA4NDg5MDI@._V1_UX67_CR0,0,67,98_AL_.jpg",Five friends with big egos and slightly arrogant attitudes are the proprietors of an Irish bar in Philadelphia.
"Crime, Drama, Mystery",149,R,Gone Girl,8.1,2014,675902,"https://images-na.ssl-images-amazon.com/images/M/MV5BYjgwY2E1N2QtNDJkMi00YzE4LThiYTItYWI5YmE4NWMzMGFhXkEyXkFqcGdeQXVyMjU3OTA4NzQ@._V1_UX67_CR0,0,67,98_AL_.jpg","With his wife's disappearance having become the focus of an intense media circus, a man sees the spotlight turned on him when it's suspected that he may not be innocent."
"Drama, Sci-Fi, Thriller",110,PG-13,The Circle,5.3,I) (,51757,"https://images-na.ssl-images-amazon.com/images/M/MV5BMjY2OTM2Njc3Ml5BMl5BanBnXkFtZTgwNDgzODU3MTI@._V1_UX67_CR0,0,67,98_AL_.jpg","A woman lands a dream job at a powerful tech company called the Circle, only to uncover an agenda that will affect the lives of all of humanity."
"Comedy, Drama, Romance",30,TV-14,Mom,7.1,2013,19230,"https://images-na.ssl-images-amazon.com/images/M/MV5BNWI0ZjU4MzUtMTdmMy00OWVkLThhNWItNzQ4NDEyNTBiY2ZjXkEyXkFqcGdeQXVyNjg4NzAyOTA@._V1_UX67_CR0,0,67,98_AL_.jpg",A newly sober single mom tries to pull her life together in Napa Valley while dealing with her wayward mother.
"Animation, Drama, Family",96,PG,A Christmas Carol,6.8,2009,83727,"https://images-na.ssl-images-amazon.com/images/M/MV5BMTM1MTI5ODU4MV5BMl5BanBnXkFtZTcwNTYyNTU4Mg@@._V1_UX67_CR0,0,67,98_AL_.jpg","An animated retelling of Charles Dickens' classic novel about a Victorian-era miser taken on a journey of self-redemption, courtesy of several mysterious Christmas apparitions."
"Biography, Drama, History",103,PG-13,Mark Felt: The Man Who Brought Down the White House,6.4,2017,1684,"https://images-na.ssl-images-amazon.com/images/M/MV5BMjQzMDEwMjMyNF5BMl5BanBnXkFtZTgwNjA1NTA1MzI@._V1_UX67_CR0,0,67,98_AL_.jpg",The story of
Comedy,22,TV-14,New Girl,7.7,2011,155746,"https://images-na.ssl-images-amazon.com/images/M/MV5BMTQ5MzM1NzMwMl5BMl5BanBnXkFtZTgwNjQ2MzI2NzE@._V1_UX67_CR0,0,67,98_AL_.jpg","After a bad break-up, Jess, an offbeat young woman, moves into an apartment loft with three single men. Although they find her behavior very unusual, the men support her - most of the time."
"Crime, Drama, Mystery",55,TV-MA,True Detective,9,2014,383288,"https://images-na.ssl-images-amazon.com/images/M/MV5BMmRlYmE0Y2UtNDk2Yi00NzczLWEwZTEtZmE2OTcyYzcxYmU5XkEyXkFqcGdeQXVyNTMxMjgxMzA@._V1_UY98_CR1,0,67,98_AL_.jpg","Seasonal anthology series in which police investigations unearth the personal and professional secrets of those involved, both within and outside the law."
"Comedy, Fantasy, Horror",98,PG-13,Krampus,6.2,I) (,47830,"https://images-na.ssl-images-amazon.com/images/M/MV5BMjk0MjMzMTI3NV5BMl5BanBnXkFtZTgwODEyODkxNzE@._V1_UX67_CR0,0,67,98_AL_.jpg",A boy who has a bad Christmas ends up accidentally summoning a festive demon to his family home.
"Animation, Comedy, Romance",30,TV-MA,Big Mouth,8.1,2017,13591,"https://images-na.ssl-images-amazon.com/images/M/MV5BMTcyNTk0ODgzOF5BMl5BanBnXkFtZTgwMzM0NjIzMzI@._V1_UX67_CR0,0,67,98_AL_.jpg",Teenage friends find their lives upended by the wonders and horrors of puberty.
"Biography, Drama, Romance",118,PG-13,Breathe,7,I) (,3662,"https://images-na.ssl-images-amazon.com/images/M/MV5BMTg1OTcxNjU1MV5BMl5BanBnXkFtZTgwMzcwMTQ3MzI@._V1_UX67_CR0,0,67,98_AL_.jpg","The inspiring true love story of Robin and Diana Cavendish, an adventurous couple who refuse to give up in the face of a devastating disease. Their heartwarming celebration of human possibility marks the directorial debut of Andy Serkis."
"Biography, Drama, History",139,R,Hacksaw Ridge,8.2,2016,286517,"https://images-na.ssl-images-amazon.com/images/M/MV5BMjQ1NjM3MTUxNV5BMl5BanBnXkFtZTgwMDc5MTY5OTE@._V1_UX67_CR0,0,67,98_AL_.jpg",WWII American Army Medic
Drama,60,TV-PG,Call the Midwife,8.4,2012,14213,"https://images-na.ssl-images-amazon.com/images/M/MV5BMTAzMjAwNzc1MzVeQTJeQWpwZ15BbWU4MDQzODgzMjEx._V1_UX67_CR0,0,67,98_AL_.jpg",Chronicles the lives of a group of midwives living in East London in the late 1950s to early 1960s.
Comedy,22,TV-PG,Parks and Recreation,8.6,2009,148584,"https://images-na.ssl-images-amazon.com/images/M/MV5BMjA5MjUxNDgwNF5BMl5BanBnXkFtZTgwMDI5NjMwNDE@._V1_UY98_CR3,0,67,98_AL_.jpg",The absurd antics of an Indiana town's public officials as they pursue sundry projects to make their city a better place.
"Documentary, Biography","
Documentary, Biography            ",,Wormwood,7.1,2017,968,"https://images-na.ssl-images-amazon.com/images/M/MV5BOTIyNzQxNjczM15BMl5BanBnXkFtZTgwODUzNDEzNDM@._V1_UX67_CR0,0,67,98_AL_.jpg","In 1953, Army scientist Frank Olson takes a fatal plunge from a hotel window. In 1975, a bombshell report ties his death to a top-secret experiment."
"Action, Adventure, Fantasy",118,PG-13,Kong: Skull Island,6.7,2017,182431,"https://images-na.ssl-images-amazon.com/images/M/MV5BMTUwMzI5ODEwNF5BMl5BanBnXkFtZTgwNjAzNjI2MDI@._V1_UX67_CR0,0,67,98_AL_.jpg","A team of scientists explore an uncharted island in the Pacific, venturing into the domain of the mighty Kong, and must fight to escape a primal Eden."
Comedy,22,TV-PG,The Goldbergs,8.2,2013,20660,"https://images-na.ssl-images-amazon.com/images/M/MV5BMTA4ODUwODEzMzReQTJeQWpwZ15BbWU4MDM0NjM3NjMy._V1_UX67_CR0,0,67,98_AL_.jpg","This ABC show takes place in Jenkintown, Pennsylvania in the 1980s and follows the lives of a family named The Goldbergs."
"Action, Drama",43,TV-14,Scorpion,7.2,2014,38181,"https://images-na.ssl-images-amazon.com/images/M/MV5BYmY2MjY2MGQtYjhjZi00OGY3LWFjMWUtMGQxZmUyODkzZmVkXkEyXkFqcGdeQXVyNjg4NzAyOTA@._V1_UX67_CR0,0,67,98_AL_.jpg",An eccentric genius forms an international network of super-geniuses to act as the last line of defense against the complicated threats of the modern world.
"Comedy, Crime, Mystery",44,TV-PG,Psych,8.4,2006,72086,"https://images-na.ssl-images-amazon.com/images/M/MV5BMTI2NzgzNDA3NV5BMl5BanBnXkFtZTcwMjg1MzU1MQ@@._V1_UY98_CR1,0,67,98_AL_.jpg","A novice sleuth is hired by the police after he cons them into thinking he has psychic powers which help solve crimes. With the assistance of his reluctant best friend, the duo take on a series of complicated cases."
"Adventure, Comedy",104,R,A Bad Moms Christmas,5.8,2017,8170,"https://images-na.ssl-images-amazon.com/images/M/MV5BMTUwNTA4MDMxNl5BMl5BanBnXkFtZTgwMjE4NjQ0MzI@._V1_UX67_CR0,0,67,98_AL_.jpg","As their own mothers drop in unexpectedly, our three under-appreciated and over-burdened moms rebel against the challenges and expectations of the Super Bowl for mothers: Christmas."
"Animation, Adventure, Comedy",102,G,Cars 3,6.9,2017,34528,"https://images-na.ssl-images-amazon.com/images/M/MV5BMTc0NzU2OTYyN15BMl5BanBnXkFtZTgwMTkwOTg2MTI@._V1_UX67_CR0,0,67,98_AL_.jpg",Lightning McQueen sets out to prove to a new generation of racers that he's still the best race car in the world.
Thriller,"
Thriller            ",,Money Heist,8.3,2017,1483,"https://images-na.ssl-images-amazon.com/images/M/MV5BMzBlY2QzNzYtMWU1NS00NjFkLWJiMzItYmM3YTc4MDFjNDQwXkEyXkFqcGdeQXVyMTA0MjU0Ng@@._V1_UX67_CR0,0,67,98_AL_.jpg","A group of very peculiar robbers have assaulted the Factory of Moneda and Timbre to carry out the most perfect robbery in the history of Spain and taking home 2,400 million euros."
Drama,51,TV-MA,House of Cards,8.9,2013,387944,"https://images-na.ssl-images-amazon.com/images/M/MV5BMjM3ODMyMjc3MV5BMl5BanBnXkFtZTgwNDgzNDc5NzE@._V1_UX67_CR0,0,67,98_AL_.jpg",A Congressman works with his equally conniving wife to exact revenge on the people who betrayed him.
"Drama, Fantasy, Horror",45,TV-14,The Originals,8.3,2013,90955,"https://images-na.ssl-images-amazon.com/images/M/MV5BMTg3NTcwODMzNF5BMl5BanBnXkFtZTgwNjcxMjI1MTI@._V1_UX67_CR0,0,67,98_AL_.jpg",A family of power-hungry thousand year old vampires look to take back the city that they built and dominate all those who have done them wrong.
"Action, Crime, Drama",121,R,Sicario,7.6,2015,268913,"https://images-na.ssl-images-amazon.com/images/M/MV5BMjA5NjM3NTk1M15BMl5BanBnXkFtZTgwMzg1MzU2NjE@._V1_UX67_CR0,0,67,98_AL_.jpg",An idealistic FBI agent is enlisted by a government task force to aid in the escalating war against drugs at the border area between the U.S. and Mexico.
"Comedy, Drama, Romance",97,PG-13,Home Again,5.7,2017,9429,"https://images-na.ssl-images-amazon.com/images/M/MV5BNDMxNTQ0NjIwOV5BMl5BanBnXkFtZTgwODE5NjA5MjI@._V1_UX67_CR0,0,67,98_AL_.jpg",Life for a single mom in Los Angeles takes an unexpected turn when she allows three young guys to move in with her.
"Horror, Mystery, Thriller",100,Not Rated,Jeepers Creepers III,4.4,2017,8454,"https://images-na.ssl-images-amazon.com/images/M/MV5BMTY2NzQwNjY4M15BMl5BanBnXkFtZTgwOTM2MzkzMzI@._V1_UX67_CR0,0,67,98_AL_.jpg",Sheriff Dan Tashtego and a team of creeper hunters enlist the help of officer Davis Tubbs to help stop the monster's eating spree.
"Comedy, Drama, Fantasy",30,TV-PG,The Good Place,7.9,2016,18426,"https://images-na.ssl-images-amazon.com/images/M/MV5BNWUxNDA2NmItZDgzMC00NzNkLWJkYTYtYmM0NjYzMDY4NWVjXkEyXkFqcGdeQXVyNjMxNzcwOTI@._V1_UX67_CR0,0,67,98_AL_.jpg",A woman struggles to define what it means to be good.
"Crime, Drama, Mystery",43,TV-14,How to Get Away with Murder,8.2,2014,84703,"https://images-na.ssl-images-amazon.com/images/M/MV5BNmRmNGI0NDQtZTUyMS00NzlhLWE0YzMtZmNkZWE5NzZmZjhjXkEyXkFqcGdeQXVyNjI0NDkwNjE@._V1_UX67_CR0,0,67,98_AL_.jpg",A group of ambitious law students and their brilliant criminal defense professor become involved in a twisted murder plot that promises to change the course of their lives.
Drama,111,R,The Florida Project,8,2017,7843,"https://images-na.ssl-images-amazon.com/images/M/MV5BMjg4ZmY1MmItMjFjOS00ZTg2LWJjNDYtNDM2YmM2NzhiNmZhXkEyXkFqcGdeQXVyNTAzMTY4MDA@._V1_UX67_CR0,0,67,98_AL_.jpg","Set over one summer, the film follows precocious six-year-old Moonee as she courts mischief and adventure with her ragtag playmates and bonds with her rebellious but caring mother, all while living in the shadows of Disney World."
"Adventure, Family, Fantasy",157,PG-13,Harry Potter and the Goblet of Fire,7.7,2005,437241,"https://images-na.ssl-images-amazon.com/images/M/MV5BMTI1NDMyMjExOF5BMl5BanBnXkFtZTcwOTc4MjQzMQ@@._V1_UX67_CR0,0,67,98_AL_.jpg","A young wizard finds himself competing in a hazardous tournament between rival schools of magic, but he is distracted by recurring nightmares."
"Action, Adventure, Sci-Fi",120,R,Mad Max: Fury Road,8.1,2015,680187,"https://images-na.ssl-images-amazon.com/images/M/MV5BYTY2MTlhMTItZGFiOS00ZGM5LTlhYjUtZWU4NmZmOWJmNzc0XkEyXkFqcGdeQXVyNDUzOTQ5MjY@._V1_UX67_CR0,0,67,98_AL_.jpg","A woman rebels against a tyrannical ruler in postapocalyptic Australia in search for her home-land with the help of a group of female prisoners, a psychotic worshipper, and a drifter named Max."
"Animation, Action, Adventure",104,PG,The LEGO Batman Movie,7.3,2017,89474,"https://images-na.ssl-images-amazon.com/images/M/MV5BMTcyNTEyOTY0M15BMl5BanBnXkFtZTgwOTAyNzU3MDI@._V1_UX67_CR0,0,67,98_AL_.jpg","A cooler-than-ever Bruce Wayne must deal with the usual suspects as they plan to rule Gotham City, while discovering that he has accidentally adopted a teenage orphan who wishes to become his sidekick."
"Action, Crime, Drama",43,TV-14,Chicago P.D.,8.2,2014,18208,"https://images-na.ssl-images-amazon.com/images/M/MV5BNWFkYzFmMzctNDMzOS00ZDlkLWIwOGUtYWI1MTkyZDI1MThkXkEyXkFqcGdeQXVyNjMxNzcwOTI@._V1_UX67_CR0,0,67,98_AL_.jpg","Follows District 21 of the Chicago Police Department, which is made up of two distinctly different groups: the uniformed cops and the Intelligence Unit."
"Biography, Drama, History",127,PG,Hidden Figures,7.8,2016,133361,"https://images-na.ssl-images-amazon.com/images/M/MV5BMzg2Mzg4YmUtNDdkNy00NWY1LWE3NmEtZWMwNGNlMzE5YzU3XkEyXkFqcGdeQXVyMjA5MTIzMjQ@._V1_UX67_CR0,0,67,98_AL_.jpg",The story of a team of female African-American mathematicians who served a vital role in NASA during the early years of the U.S. space program.
"Action, Adventure, Sci-Fi",155,PG-13,Transformers: The Last Knight,5.2,2017,85195,"https://images-na.ssl-images-amazon.com/images/M/MV5BMTk3OTI3MDk4N15BMl5BanBnXkFtZTgwNDg2ODIyMjI@._V1_UX67_CR0,0,67,98_AL_.jpg","Autobots and Decepticons are at war, with humans on the sidelines. Optimus Prime is gone. The key to saving our future lies buried in the secrets of the past, in the hidden history of Transformers on Earth."
"Drama, Romance",143,PG-13,The Great Gatsby,7.3,2013,400619,"https://images-na.ssl-images-amazon.com/images/M/MV5BMTkxNTk1ODcxNl5BMl5BanBnXkFtZTcwMDI1OTMzOQ@@._V1_UX67_CR0,0,67,98_AL_.jpg","A writer and wall street trader, Nick, finds himself drawn to the past and lifestyle of his millionaire neighbor, Jay Gatsby."
"Adventure, Comedy, Family",97,G,The Santa Clause 3: The Escape Clause,4.7,2006,25641,"https://images-na.ssl-images-amazon.com/images/M/MV5BMTI4ODQ4MzgzMl5BMl5BanBnXkFtZTcwODc5NTUzMQ@@._V1_UX67_CR0,0,67,98_AL_.jpg","Santa, aka Scott Calvin, is faced with double-duty: how to keep his new family happy, and how to stop Jack Frost from taking over Christmas."
"Drama, Mystery, Romance",44,TV-14,Pretty Little Liars,7.6,2010,132380,"https://images-na.ssl-images-amazon.com/images/M/MV5BMTU5MDYzMzQ2Nl5BMl5BanBnXkFtZTgwMDE3MzU4MTI@._V1_UX67_CR0,0,67,98_AL_.jpg","Four friends band together against an anonymous foe who threatens to reveal their darkest secrets, while also investigating the disappearance of their best friend."
Drama,101,PG-13,Wonder Wheel,6.4,2017,3091,"https://images-na.ssl-images-amazon.com/images/M/MV5BMTA2NjAyMDIzMzleQTJeQWpwZ15BbWU4MDg1NTEwNjMy._V1_UX67_CR0,0,67,98_AL_.jpg","On Coney Island in the 1950s, a lifeguard tells the story of a middle-aged carousel operator and his beleaguered wife."
"Adventure, Drama, Sci-Fi",169,PG-13,Interstellar,8.6,2014,1124759,"https://images-na.ssl-images-amazon.com/images/M/MV5BZjdkOTU3MDktN2IxOS00OGEyLWFmMjktY2FiMmZkNWIyODZiXkEyXkFqcGdeQXVyMTMxODk2OTU@._V1_UX67_CR0,0,67,98_AL_.jpg",A team of explorers travel through a wormhole in space in an attempt to ensure humanity's survival.
"Action, Adventure, Crime",136,PG-13,The Fate of the Furious,6.8,2017,147143,"https://images-na.ssl-images-amazon.com/images/M/MV5BMjMxODI2NDM5Nl5BMl5BanBnXkFtZTgwNjgzOTk1MTI@._V1_UX67_CR0,0,67,98_AL_.jpg","When a mysterious woman seduces Dom into the world of terrorism and a betrayal of those closest to him, the crew face trials that will test them as never before."
Musical,180,TV-PG,A Christmas Story Live!,4.7,2017,1023,"https://images-na.ssl-images-amazon.com/images/M/MV5BYTMwMGRjMzgtOTgyNS00Yzc5LTk1ZGMtNzM0M2JmZmYxMmQwXkEyXkFqcGdeQXVyMTkzODUwNzk@._V1_UX67_CR0,0,67,98_AL_.jpg","A live broadcast of the Broadway hit ""A Christmas Story: The Musical"" in which Ralphie wishes for nothing more than a Red Ryder BB Gun for Christmas."
"Comedy, Romance",92,TV-PG,A Christmas Prince,5.6,2017,6066,"https://images-na.ssl-images-amazon.com/images/M/MV5BNzBlOTI3YTUtNmVlZS00YTdhLWExZGQtNWE1MGI1ZmRmMGI5XkEyXkFqcGdeQXVyMTMxODk2OTU@._V1_UX67_CR0,0,67,98_AL_.jpg","When a reporter goes undercover as a tutor to get the inside scoop on a playboy prince, she gets tangled in some royal intrigue and ends up finding love - but will she be able to keep up her lie?"
"Animation, Action, Adventure",90,PG,Despicable Me 3,6.3,2017,60535,"https://images-na.ssl-images-amazon.com/images/M/MV5BNjUyNzQ2MTg3Ml5BMl5BanBnXkFtZTgwNzE4NDM3MTI@._V1_UX67_CR0,0,67,98_AL_.jpg","Gru meets his long-lost charming, cheerful, and more successful twin brother Dru who wants to team up with him for one last criminal heist."
"Crime, Drama, Mystery",43,TV-14,NCIS: Los Angeles,6.7,2009,40102,"https://images-na.ssl-images-amazon.com/images/M/MV5BMGQzNGIzNmEtNWE3ZS00OTUyLTg3YTEtMDY3NDViZWE0YWY1XkEyXkFqcGdeQXVyNjg4NzAyOTA@._V1_UX67_CR0,0,67,98_AL_.jpg","The Naval Criminal Investigation Service's Office of Special Projects takes on the undercover work and the hard to crack cases in LA. Key agents are G. Callen and Sam Hanna, streets kids risen through the ranks."
"Crime, Drama",43,TV-14,Blue Bloods,7.5,2010,24970,"https://images-na.ssl-images-amazon.com/images/M/MV5BMjY0NTE1ODU3OV5BMl5BanBnXkFtZTgwOTI4NDQwMDI@._V1_UX67_CR0,0,67,98_AL_.jpg",Revolves around a family of New York cops.
"Crime, Drama, Mystery",115,PG-13,Crooked House,6.4,2017,3348,"https://images-na.ssl-images-amazon.com/images/M/MV5BODQ3NjI2MzU4OF5BMl5BanBnXkFtZTgwNTc5NDIyNDM@._V1_UX67_CR0,0,67,98_AL_.jpg","In Agatha Christie's most twisted tale, a spy-turned-private-detective is lured by his former lover to catch her grandfather's murderer before Scotland Yard exposes dark family secrets."
"Action, Comedy, Drama",41,TV-14,Teen Wolf,7.7,2011,105221,"https://images-na.ssl-images-amazon.com/images/M/MV5BMTEwMzcyMjYwNzNeQTJeQWpwZ15BbWU4MDAwMTU2ODIy._V1_UY98_CR0,0,67,98_AL_.jpg","A somewhat awkward teen is attacked by a werewolf and inherits the curse himself, as well as the enemies that come with it."
"Comedy, Crime, Drama",40,TV-14,Bones,7.9,2005,122670,"https://images-na.ssl-images-amazon.com/images/M/MV5BMjA3ODMxMzM5NF5BMl5BanBnXkFtZTgwMDM1NjU0OTE@._V1_UX67_CR0,0,67,98_AL_.jpg","Forensic anthropologist Dr. Temperance ""Bones"" Brennan and cocky F.B.I. Special Agent Seeley Booth build a team to investigate murders. Quite often, there isn't more to examine than rotten flesh or mere bones."
"Crime, Drama, Mystery",187,R,The Hateful Eight,7.8,2015,373308,"https://images-na.ssl-images-amazon.com/images/M/MV5BMjA1MTc1NTg5NV5BMl5BanBnXkFtZTgwOTM2MDEzNzE@._V1_UX67_CR0,0,67,98_AL_.jpg","In the dead of a Wyoming winter, a bounty hunter and his prisoner find shelter in a cabin currently inhabited by a collection of nefarious characters."
"Animation, Comedy",22,TV-PG,Bob's Burgers,8.1,2011,47764,"https://images-na.ssl-images-amazon.com/images/M/MV5BMTg2MzI0NTQ3OV5BMl5BanBnXkFtZTgwODMyMzc1MDE@._V1_UX67_CR0,0,67,98_AL_.jpg","Bob Belcher, along with his wife and 3 children, try to run their last hope of holding the family together, which is running Bob's dream restaurant."
"Action, Crime, Drama",44,TV-14,Prison Break,8.4,2005,399088,"https://images-na.ssl-images-amazon.com/images/M/MV5BMTg3NTkwNzAxOF5BMl5BanBnXkFtZTcwMjM1NjI5MQ@@._V1_UX67_CR0,0,67,98_AL_.jpg","Due to a political conspiracy, an innocent man is sent to death row and his only hope is his brother, who makes it his mission to deliberately get himself sent to the same prison in order to break the both of them out, from the inside."
Drama,43,TV-G,When Calls the Heart,8.6,2014,6039,"https://images-na.ssl-images-amazon.com/images/M/MV5BNjUxNjQ5NjgwNV5BMl5BanBnXkFtZTgwMzQzMDA1ODE@._V1_UX67_CR0,0,67,98_AL_.jpg","Elizabeth Thatcher, a young school teacher from a wealthy Eastern family, migrates from the big city to teach school in a small coal mining town in the west."
"Action, Crime, Drama",152,PG-13,The Dark Knight,9,2008,1869100,"https://images-na.ssl-images-amazon.com/images/M/MV5BMTMxNTMwODM0NF5BMl5BanBnXkFtZTcwODAyMTk2Mw@@._V1_UX67_CR0,0,67,98_AL_.jpg","When the menace known as the Joker emerges from his mysterious past, he wreaks havoc and chaos on the people of Gotham, the Dark Knight must accept one of the greatest psychological and physical tests of his ability to fight injustice."
"Drama, Fantasy, Mystery",60,TV-MA,American Gods,8.1,2017,41707,"https://images-na.ssl-images-amazon.com/images/M/MV5BY2ViNGI1ZGUtYmUyNS00ZWU0LWExOTQtMDMwZjQ2ZWJhNmRhXkEyXkFqcGdeQXVyNjYxMDUzODc@._V1_UX67_CR0,0,67,98_AL_.jpg","A recently released ex-convict named Shadow meets a mysterious man who calls himself ""Wednesday"" and who knows more than he first seems to about Shadow's life and past."
"Drama, Romance",58,TV-PG,Downton Abbey,8.7,2010,128414,"https://images-na.ssl-images-amazon.com/images/M/MV5BY2U1NmIwYzgtNjFkOS00YWUxLTg0YTMtZmE5NTA3YjRmY2NlXkEyXkFqcGdeQXVyNTA4NzY1MzY@._V1_UY98_CR1,0,67,98_AL_.jpg",A chronicle of the lives of the British aristocratic Crawley family and their servants in the early 20th Century.
Drama,120,TV-MA,El Chapo,7.9,2017,4663,"https://images-na.ssl-images-amazon.com/images/M/MV5BMjMzMDg0Nzc2M15BMl5BanBnXkFtZTgwMzUxOTEyMzI@._V1_UY98_CR53,0,67,98_AL_.jpg","A look at the life of notorious drug kingpin, El Chapo, from his early days in the 1980s working for the Guadalajara Cartel, to his rise to power of during the '90s and his ultimate downfall in 2016."
"Animation, Adventure, Comedy",92,PG,Trolls,6.5,2016,52830,"https://images-na.ssl-images-amazon.com/images/M/MV5BMTkxNDc3OTcxMV5BMl5BanBnXkFtZTgwODk2NjAzOTE@._V1_UX67_CR0,0,67,98_AL_.jpg","After the Bergens invade Troll Village, Poppy, the happiest Troll ever born, and the curmudgeonly Branch set off on a journey to rescue her friends."
"Action, Adventure, Comedy",108,R,Deadpool,8,2016,689408,"https://images-na.ssl-images-amazon.com/images/M/MV5BMjQyODg5Njc4N15BMl5BanBnXkFtZTgwMzExMjE3NzE@._V1_UY98_CR0,0,67,98_AL_.jpg",A fast-talking mercenary with a morbid sense of humor is subjected to a rogue experiment that leaves him with accelerated healing powers and a quest for revenge.
Drama,47,TV-14,Mad Men,8.6,2007,161883,"https://images-na.ssl-images-amazon.com/images/M/MV5BMjMwNzk5Nzg2OV5BMl5BanBnXkFtZTgwMjg1OTk1NDE@._V1_UY98_CR0,0,67,98_AL_.jpg","A drama about one of New York's most prestigious ad agencies at the beginning of the 1960s, focusing on one of the firm's most mysterious but extremely talented ad executives, Donald Draper."
"Action, Sci-Fi, Thriller",110,14A,Bleeding Steel,5.6,2017,195,"https://images-na.ssl-images-amazon.com/images/M/MV5BYmQ2ZjNjZTAtODNkNi00N2EzLWFlOWItMmZhNzk2ZTEwMGRiXkEyXkFqcGdeQXVyMjQ1MDE0NzU@._V1_UY98_CR1,0,67,98_AL_.jpg","Chan stars as a hardened special forces agent who fights to protect a young woman from a sinister criminal gang. At the same time he with feels a special connection to the young woman, like they met in a different life."
